:020000040800F2
:100000000050002051700008997000084314000847
:10001000491400084F14000855140008000000009F
:10002000000000000000000000000000271400088D
:1000300099700008000000002B1400081914000833
:10004000997000089970000899700008997000086C
:10005000997000089970000899700008997000085C
:10006000997000089970000899700008997000084C
:10007000997000089970000899700008997000083C
:10008000997000089970000899700008997000082C
:10009000997000089970000899700008997000081C
:1000A000997000089970000899700008997000080C
:1000B00099700008151400089970000899700008DC
:1000C00099700008997000089970000899700008EC
:1000D0009970000899700008592700089970000865
:1000E00099700008997000089970000800000000DD
:1000F0000000000000000000000000000000000000
:0C01000000000000000000005FF808F1A3
:1001100081F0004102E000BF83F0004330B54FEAB8
:1001200041044FEA430594EA050F08BF90EA020F25
:100130001FBF54EA000C55EA020C7FEA645C7FEAB8
:10014000655C00F0E2804FEA5454D4EB5555B8BFDB
:100150006D420CDD2C4480EA020281EA030382EA4C
:10016000000083EA010180EA020281EA0303362DDE
:1001700088BF30BD11F0004F4FEA01314FF4801CB1
:100180004CEA113102D0404261EB410113F0004FC3
:100190004FEA03334CEA133302D0524263EB43037A
:1001A00094EA050F00F0A780A4F10104D5F1200E18
:1001B0000DDB02FA0EFC22FA05F2801841F1000173
:1001C00003FA0EF2801843FA05F359410EE0A5F147
:1001D00020050EF1200E012A03FA0EFC28BF4CF078
:1001E000020C43FA05F3C01851EBE37101F000452E
:1001F00007D54FF0000EDCF1000C7EEB00006EEB3B
:100200000101B1F5801F1BD3B1F5001F0CD34908C4
:100210005FEA30004FEA3C0C04F101044FEA44521B
:1002200012F5800F80F09A80BCF1004F08BF5FEAA2
:10023000500C50F1000041EB045141EA050130BD82
:100240005FEA4C0C404141EB0101013C28BFB1F594
:10025000801FE9D291F0000F04BF01460020B1FADF
:1002600081F308BF2033A3F10B03B3F120020CDAB2
:100270000C3208DD02F1140CC2F10C0201FA0CF090
:1002800021FA02F10CE002F11402D8BFC2F1200CF5
:1002900001FA02F120FA0CFCDCBF41EA0C019040AB
:1002A000E41AA2BF01EB0451294330BD6FEA0404F4
:1002B0001F3C1CDA0C340EDC04F11404C4F12002DF
:1002C00020FA04F001FA02F340EA030021FA04F3F1
:1002D00045EA030130BDC4F10C04C4F1200220FA48
:1002E00002F001FA04F340EA0300294630BD21FA86
:1002F00004F0294630BD94F0000F83F4801306BF4C
:1003000081F480110134013D4EE77FEA645C18BF3F
:100310007FEA655C29D094EA050F08BF90EA020FD6
:1003200005D054EA000C04BF1946104630BD91EACE
:10033000030F1EBF0021002030BD5FEA545C05D1D1
:100340004000494128BF41F0004130BD14F5800410
:100350003CBF01F5801130BD01F0004545F0FE4184
:1003600041F470014FF0000030BD7FEA645C1ABFB9
:10037000194610467FEA655C1CBF0B46024650EAF0
:10038000013406BF52EA033591EA030F41F400211C
:1003900030BD00BF90F0000F04BF0021704730B5A2
:1003A0004FF4806404F132044FF000054FF0000177
:1003B00050E700BF90F0000F04BF0021704730B538
:1003C0004FF4806404F1320410F0004548BF40420D
:1003D0004FF000013EE700BF42004FEAE2014FEA62
:1003E00031014FEA02701FBF12F07F4393F07F4F3D
:1003F00081F06051704732F07F4208BF704793F040
:100400007F4F04BF41F40021704730B54FF4607452
:1004100001F0004521F000411CE700BF50EA010255
:1004200008BF704730B54FF000050AE050EA0102FE
:1004300008BF704730B511F0004502D5404261EB6E
:1004400041014FF4806404F132045FEA915C3FF4AF
:10045000D8AE4FF003025FEADC0C18BF03325FEA4C
:10046000DC0C18BF033202EBDC02C2F1200300FAFD
:1004700003FC20FA02F001FA03FE40EA0E0021FA22
:1004800002F11444BDE600BF80F0004002E000BF6E
:1004900081F0004142001FBF5FEA410392EA030F6F
:1004A0007FEA226C7FEA236C6AD04FEA1262D2EBB9
:1004B0001363C1BFD218414048404140B8BF5B42BE
:1004C000192B88BF704710F0004F40F4000020F057
:1004D0007F4018BF404211F0004F41F4000121F06D
:1004E0007F4118BF494292EA030F3FD0A2F10102B7
:1004F00041FA03FC10EB0C00C3F1200301FA03F1F5
:1005000000F0004302D5494260EB4000B0F5000F17
:1005100013D3B0F1807F06D340084FEA310102F1D6
:100520000102FE2A51D2B1F1004F40EBC25008BF88
:1005300020F0010040EA03007047490040EB000052
:10054000013A28BFB0F5000FEDD2B0FA80FCACF153
:10055000080CB2EB0C0200FA0CF0AABF00EBC25080
:1005600052421843BCBFD0401843704792F0000F6E
:1005700081F4000106BF80F400000132013BB5E7C1
:100580004FEA41037FEA226C18BF7FEA236C21D037
:1005900092EA030F04D092F0000F08BF084670479C
:1005A00090EA010F1CBF0020704712F07F4F04D16A
:1005B000400028BF40F00040704712F100723CBF7D
:1005C00000F50000704700F0004343F0FE4040F4A7
:1005D000000070477FEA226216BF08467FEA236365
:1005E0000146420206BF5FEA412390EA010F40F450
:1005F000800070474FF0000304E000BF10F000439C
:1006000048BF40425FEA000C08BF704743F0964382
:1006100001464FF000001CE050EA010208BF70479D
:100620004FF000030AE000BF50EA010208BF704724
:1006300011F0004302D5404261EB41015FEA010C39
:1006400002BF84460146002043F0B64308BFA3F131
:100650008053A3F50003BCFA8CF2083AA3EBC25313
:1006600010DB01FA02FC634400FA02FCC2F1200232
:10067000BCF1004F20FA02F243EB020008BF20F069
:100680000100704702F1200201FA02FCC2F12002CF
:1006900050EA4C0021FA02F243EB020008BF20EAC4
:1006A000DC7070474FF0FF0C1CEAD0521EBF1CEAF2
:1006B000D15392EA0C0F93EA0C0F6FD01A4480EAE0
:1006C000010C400218BF5FEA41211ED04FF00063C9
:1006D00043EA501043EA5111A0FB01310CF00040F5
:1006E000B1F5000F3EBF490041EAD3715B0040EA1B
:1006F000010062F17F02FD2A1DD8B3F1004F40EBEB
:10070000C25008BF20F00100704790F0000F0CF0BD
:10071000004C08BF49024CEA502040EA51207F3A81
:10072000C2BFD2F1FF0340EAC250704740F400005C
:100730004FF00003013A5DDC12F1190FDCBF00F04D
:1007400000407047C2F10002410021FA02F1C2F1FB
:10075000200200FA02FC5FEA310040F1000053EA97
:100760004C0308BF20EADC70704792F0000F00F0E5
:10077000004C02BF400010F4000F013AF9D040EAEB
:100780000C0093F0000F01F0004C02BF490011F47F
:10079000000F013BF9D041EA0C018FE70CEAD1537D
:1007A00092EA0C0F18BF93EA0C0F0AD030F0004CFD
:1007B00018BF31F0004CD8D180EA010000F00040B1
:1007C000704790F0000F17BF90F0004F084691F06F
:1007D000000F91F0004F14D092EA0C0F01D14202A9
:1007E0000FD193EA0C0F03D14B0218BF084608D172
:1007F00080EA010000F0004040F0FE4040F40000BC
:10080000704740F0FE4040F4400070474FF0FF0C4E
:100810001CEAD0521EBF1CEAD15392EA0C0F93EA95
:100820000C0F69D0A2EB030280EA010C49024FEAE7
:10083000402037D04FF0805343EA111143EA1013A0
:100840000CF000408B4238BF5B0042F17D024FF458
:10085000000C8B4224BF5B1A40EA0C00B3EB510F33
:1008600024BFA3EB510340EA5C00B3EB910F24BF1C
:10087000A3EB910340EA9C00B3EBD10F24BFA3EBA1
:10088000D10340EADC001B0118BF5FEA1C1CE0D169
:10089000FD2A3FF650AF8B4240EBC25008BF20F01C
:1008A000010070470CF0004C4CEA50207F32C2BF70
:1008B000D2F1FF0340EAC250704740F400004FF00D
:1008C0000003013A37E792F0000F00F0004C02BF3E
:1008D000400010F4000F013AF9D040EA0C0093F008
:1008E000000F01F0004C02BF490011F4000F013B62
:1008F000F9D041EA0C0195E70CEAD15392EA0C0FCA
:1009000008D142027FF47DAF93EA0C0F7FF470AF01
:10091000084676E793EA0C0F04D14B023FF44CAF44
:1009200008466EE730F0004C18BF31F0004CCAD1D9
:1009300030F000427FF45CAF31F000437FF43CAF15
:100940005FE700BF4FF0FF3C06E000BF4FF0010C37
:1009500002E000BF4FF0010C4DF804CD4FEA400219
:100960004FEA41037FEA226C18BF7FEA236C11D063
:1009700001B052EA530C18BF90EA010F58BFB2EB16
:10098000030088BFC81738BF6FEAE17018BF40F096
:10099000010070477FEA226C02D15FEA402C05D14A
:1009A0007FEA236CE4D15FEA412CE1D05DF8040BCF
:1009B000704700BF844608466146FFE70FB5FFF762
:1009C000C9FF002848BF10F1000F0FBD4DF808ED1A
:1009D000FFF7F4FF0CBF012000205DF808FB00BF0B
:1009E0004DF808EDFFF7EAFF34BF012000205DF865
:1009F00008FB00BF4DF808EDFFF7E0FF94BF0120B2
:100A000000205DF808FB00BF4DF808EDFFF7D2FFAE
:100A100094BF012000205DF808FB00BF4DF808EDF1
:100A2000FFF7C8FF34BF012000205DF808FB00BFBE
:100A30004FEA40024FEA41037FEA226C02D15FEAAB
:100A4000402C08D17FEA236C02D15FEA412C02D10D
:100A50004FF0000070474FF0010070474FEA40022E
:100A6000B2F1FE4F0FD34FF09E03B3EB12620DD9DC
:100A70004FEA002343F0004310F0004F23FA02F046
:100A800018BF404270474FF00000704712F1610FED
:100A900001D1420205D110F0004008BF6FF00040C4
:100AA00070474FF00000704742000ED2B2F1FE4F87
:100AB0000BD34FF09E03B3EB126209D44FEA00232D
:100AC00043F0004323FA02F070474FF000007047F4
:100AD00012F1610F01D1420202D14FF0FF30704795
:100AE0004FF00000704700BF10F8012B11F8013BD8
:100AF000012A28BF9A42F7D0D01A7047034613F84C
:100B0000012B002AFBD1181A013870472DE9F04358
:100B10001C228BB000213D4806F08CFD3C4B00268A
:100B20009A69032542F400729A619A6906A902F44F
:100B300000720092009A9A69364842F004029A6163
:100B40009A69354C02F004020192019A5A694FF0F9
:100B5000010842F001025A615B69CDE9086603F0C1
:100B600001030293029B0F23CDE9063503F08EFEAD
:100B70002A4B04274FF4807923604FF460232046EA
:100B800084F80C80E361C4F80890267566602761DC
:100B900003F076FA072303A92046CDE904830396E0
:100BA00003F0FEF8CDF80C804FF0020803A92046B0
:100BB000CDF8108003F0F4F803A92046CDE90385B1
:100BC00003F0EEF803A92046CDE9035703F0E8F857
:100BD000134D144B4FF48062C5E900368023C5E9FC
:100BE00003392023C5E905234FF400532846EB6160
:100BF000AE6003F0AFFC3A462046044925626C62C1
:100C000003F08AF90BB0BDE8F08300BF6800002054
:100C10000010024000080140C800002000240140EC
:100C2000840000200800024070B54B4B02689A42D5
:100C300040F09180494C2088FFF7DCFC4849FFF7E1
:100C400031FD4FF06651FFF72DFD464B1968FFF758
:100C50001FFC4549FFF7DAFDA0606088FFF7CAFC7A
:100C60003F49FFF71FFD4FF06651FFF71BFD3F495E
:100C7000FFF718FD3E49FFF7C9FDE060A088FFF7C8
:100C8000B9FC3749FFF70EFD4FF06651FFF70AFD3B
:100C900038490546FFF7C2FE28B328463649FFF714
:100CA0009FFE00B335492846FFF7FCFC294606465F
:100CB0002B48FFF7EDFB01463046FFF7A7FD2F4914
:100CC000FFF7A4FD06F0EAF92D49FFF79FFD2D4936
:100CD000FFF7E0FB01464FF07E50FFF797FD2A49F2
:100CE000FFF7D6FB2061E088FFF784FC1C49FFF783
:100CF000D9FC4FF06651FFF7D5FC1E490546FFF7BA
:100D00008DFE28B328461C49FFF76AFE00B31B4935
:100D10002846FFF7C7FC294606461148FFF7B8FBEF
:100D200001463046FFF772FD1449FFF76FFD06F0EC
:100D3000B5F91349FFF76AFD1249FFF7ABFB01460E
:100D40004FF07E50FFF762FD0F49FFF7A1FB606196
:100D500002F0D2FFA06170BD0024014068000020B5
:100D600000404E45000000200000394300003041A3
:100D700000007A440000204100A04D4500401C4680
:100D800000E076450FCF5B3B33938843014B986877
:100D9000704700BF68000020014BD868704700BF53
:100DA00068000020014B1869704700BF68000020F0
:100DB000014B5869704700BF68000020FFF734BF3F
:100DC0002DE9F041304C88B02C2200212F4806F04C
:100DD00031FCE369002643F00103E361E369032783
:100DE00003F001030193019BA36904A943F00403E9
:100DF000A361A369264803F004030293029B012325
:100E0000CDE90476CDE9063703F040FD4FF080438D
:100E1000204D4FF6FF78C5E9003680232846AB61A8
:100E2000C5E90386AE6004F041FA4FF2F1122B6877
:100E30003C219F609A6111221A6247F6FF72284690
:100E40005A6204F0ACF9E369134A43F00403E36126
:100E5000E369104603F004030393039B0F4BC2E9BD
:100E6000038613604723C2E9013604F01FFA0A48DB
:100E700004F044F902F040FF4FF47A73034A5061E2
:100E8000936208B0BDE8F0810010024088010020A4
:100E90000008014040010020F80000200008004048
:100EA0000B4B1B685A6A0B4B92B25868101AB0F57C
:100EB000004F06DBA0F5803019680844C3E9000242
:100EC000704710F5004FB8BF00F58030F4E700BF61
:100ED000400100208801002008B5FFF7E1FF034B27
:100EE000034A1868D26E801A986008BD88010020F5
:100EF000CC020020014BD868704700BF8801002059
:100F0000034B044AD86613681B1A9360704700BFEE
:100F1000CC020020880100204FF080410B6913F0C3
:100F2000400F084B07D093F82021013283F820218D
:100F30004FF6BF720A6193F82001052894BF002084
:100F400001207047CC02002008B5CC2200210348C4
:100F500006F070FB024B034A1A6008BDB80100207E
:100F6000B401002000F800082DE9F043DFF81C81EF
:100F7000474EDFF820E1D8F80030DFF81CC1474FBA
:100F800006F110040EF1840589B0634518BF674669
:100F90000FCD0FC40FCD0FC495E807000EF1B005BB
:100FA00084E807000FCD06F13C040FC40FCD0FC439
:100FB0000FCD0FC495E807000EF1EC0584E807009B
:100FC0000FCD06F178040FC40FCD0FC495E80300D0
:100FD000DEF86C3084E80300C6F8A030012386F800
:100FE000A4302F4BB7EB0C05C6F8A8302D4B18BF1B
:100FF0000125336040F20113B380B368002201334E
:10100000B3604FF6FF73284C357306F10F0010F8EC
:10101000011F013281EA132134F811101B029BB227
:10102000BC2A83EA0103F2D1F38003F031FB0023F1
:10103000CDE90433012303A904A80697079303F01D
:10104000D1FB044628B103F035FB002009B0BDE810
:10105000F083DFF83C900023012039F8022B391986
:1010600003F05CFB0028EED10234CC2CF3D103F06A
:1010700021FBB3680320C8F800700C4A00930C49A8
:101080002B4601F02FFB0120E0E700BFB401002058
:10109000B8010020CC02002000F8000800FA000887
:1010A00040420F004F544F4D1E8D000850800008E5
:1010B00068800008024BC3F8A000FFF755BF00BFCF
:1010C000B801002070B4284EA5B035460AAC0FCD4B
:1010D0000FC40FCD0FC495E8070006F12C0584E876
:1010E00007000FCD15AC0FC40FCD0FC40FCD0FC42B
:1010F00095E807006D4684E8070006F168040FCC08
:101100000FC50FCC0FC594E80300184E85E8030007
:1011100006F184040AAD0FCD0FC40FCD0FC495E8BE
:10112000070015AD84E807000FCD06F1B0040FC429
:101130000FCD0FC40FCD0FC495E807006D4684E8AE
:1011400007000FCD06F1EC040FC40FCD0FC495E8D6
:101150000300002384E803000320054A0549F366E1
:1011600025B070BC01F0BEBAC07F0008CC020020E0
:101170006E800008688000082DE9FF47002189463D
:101180008A4688463D4B3E4E02933E4F03F5007320
:10119000039302AD55F8042B1368B3421BD14FF6ED
:1011A000FF7302F1100002F1CC0C10F8014B84EA3D
:1011B000132437F814401B029BB2844583EA0403CE
:1011C000F3D1D088984206D19368534522BF9A46FE
:1011D00090464FF001094C1C022C4FF00101D9D16F
:1011E000B9F1000F42D0284F284ECC224146384654
:1011F00006F06CFA264B06F1840407F11005C3F8DB
:1012000000800FCD0FC40FCD0FC495E8070007F184
:101210003C0584E807000FCD06F1B0040FC40FCDE4
:101220000FC40FCD0FC495E8070007F1780584E8D7
:1012300007000FCD06F1EC040FC40FCD0FC495E8E5
:101240000300D7F8A03084E80300F3660B4B0320BB
:10125000B8EB030318BF01230E4A0F49CDF800A0D5
:1012600001F040FA484604B0BDE8F087FFF72AFFD6
:1012700020460A4A084901F035FAF3E700F8000869
:101280004F544F4D1E8D0008B8010020CC020020A5
:10129000B401002086800008688000089F80000854
:1012A00000B593B002F010FD142200210AA806F048
:1012B000C1F91422002103A806F0BCF90225012679
:1012C0004FF48033CDE90F53CDE90863092308A813
:1012D000119303F01DFC0F230024CDE903354FF4D7
:1012E0008063294603A8CDE90543079403F0CCFDAC
:1012F00000F016FFFFF764FDFFF708FC00F03CFC70
:1013000001F080F901F046FD334BDA692A43DA61D6
:10131000DB692B400893314D089B314B2846C5E9CA
:10132000003440F60F63C5E903348023AC60AB6141
:1013300003F0BCFF314622461D2003F0B9F81D2002
:1013400003F0E6F82A682846D3683343D36003F0F5
:10135000FBFE0323234A2448C0E94B2340F2E24327
:1013600000F59670836003F0A1FB00F077F80E2380
:101370004FF480721D4900931D482346019404F0E8
:1013800091FB0D234FF480721A4900931A482346AB
:10139000019404F087FB0C234FF40072174900936B
:1013A00017482346019404F07DFB0A234FF4C072D2
:1013B0001449009314482346019404F073FB0B2353
:1013C000C0221249009312482346019404F06AFB9C
:1013D00004F04AFCFEE700BF001002408402002037
:1013E0000004004000300040CC020020BF80000814
:1013F00095150008C98000085D160008D180000816
:10140000F52E0008D980000845280008E180000872
:101410000517000800F058B808B502F061FCBDE8F7
:10142000084005F0A7BD05F053BD05F081BD0020C3
:1014300008B500F047FFFEE7002008B500F042FFC6
:10144000FEE708B5FFF7F8FF08B5FFF7F5FF08B5A9
:10145000FFF7F2FF08B5FFF7EFFF000010B5154CDE
:1014600000214FF49C72134806F0E4F8FFF76CFD7E
:10147000FFF782FE04F1B00000F018FB00230E4AD3
:1014800023800E4BC4E9152302F036FCC4F81C017E
:10149000012005F03DF9C4F8280100F099FF012072
:1014A00000F0A0FFBDE810400320054A054901F007
:1014B00019B900BFCC020020C0BDF0FF40420F00B0
:1014C000E9800008FC800008F7B52C4B1B681A69FE
:1014D000D20751D56FF00102294D1A612B78032BE9
:1014E0004AD100F03DFB0446FFF750FC0646FFF7EB
:1014F00053FC6B780746012B38D14FF07E51FFF734
:101500008DFA002832D0E86CFFF778F81D49FFF714
:101510007DF9D5F8A010FFF7C5F81B49FFF776F95C
:101520003946FFF773F91849FFF7BCF803460093F3
:10153000616920463246154B00F020FA14490446F2
:10154000FFF76CFA20B120460F49FFF749FA88B13E
:1015500020460F49FFF762FA50B12046FFF77EFAA6
:1015600000B203B0BDE8F04000F076BE0023DEE735
:101570000748F3E70448F1E703B0F0BD8402002018
:10158000CC0200200000C84200007A4417B751384E
:1015900000007AC42DE9F04F85B004F0A3FB4FF0B2
:1015A000000BDFF8AC90DFF8ACA003902A4D0121CE
:1015B00003A804F015FD2B78032BF7D16B78013BC2
:1015C000012BF3D800F0D0FA8046FFF793FC6B783C
:1015D0000746022B17D1D8F814403846FFF70EF80B
:1015E000214602464B464046CDF800B000F0C6F911
:1015F000064600F0B5FA514604463046FFF706F9B4
:1016000060612F67D2E742F21073EE68286CEC6CD1
:10161000002808BF1846A6420FD0FEF7EBFF494648
:10162000FFF740F8FFF71AFA0128B8BF0120A642D9
:1016300008DD0444A64208DBEC642046FEF7DEFF2A
:101640000446CAE7241AA642F6DD3446EE64F4E7FF
:101650006F12833A00007A44CC0200202DE9FF4744
:1016600004F040FB0026254C254F0390052103A8DC
:1016700004F0B6FC2378032BF8D16378022BF5D164
:1016800000F076FA8146FFF727FC2269636D054674
:101690009342B8BF13469846A36D9845A8BF984695
:1016A000FEF7ACFF82464046FEF7A8FF52460146D1
:1016B0003B464846009600F061F9814600F054FA36
:1016C000C0F8149094F83C206567002ACED0A5EBB2
:1016D00008050435082DC9D894F83D300133DBB234
:1016E0009A4284F83D3093BF002304EB8303DB6907
:1016F00084F83C3088BF2361B8E700BFCC020020EB
:101700000AD7A33B07B504F0EDFA01900A2101A81E
:1017100004F066FC00F002FC00F09AFE00F0B0FE5F
:10172000014803F0EFF9F1E7F803002070B5054632
:101730000C4C4FF0FF31D4F8280105F072F86570B9
:1017400000F012FA00F00CF900F012FA00F008F9BB
:101750000023D4F828011A46BDE87040194604F069
:101760005ABF00BFCC02002070B50546104C4FF0A8
:10177000FF31D4F8280105F054F80E4B9D42B8BF54
:101780001D460D4B9D42D4BFE560E36001236370AD
:101790002378022B02D1032000F024FE0023D4F88A
:1017A00028011A46BDE87040194604F034BF00BF56
:1017B000CC020020206CFBFFE093040070B5134CBA
:1017C00005460E46D4F828014FF0FF3105F029F800
:1017D0000223637016B1FFF77FFB0544636D9D42E2
:1017E000B8BF1D46A36D9D42D4BF256123612378F8
:1017F000022B02D1032000F0F5FD0023D4F82801CC
:101800001A46BDE87040194604F005BFCC0200201E
:1018100070B505460326134C4FF0FF31D4F828016C
:1018200004F0FFFF284665616670FEF7E7FE0E498B
:10183000FEF7ECFFD4F89C10FEF7E8FF054600F039
:101840008FF923784561022B02D1304600F0CAFDA2
:101850000023D4F828011A46BDE87040194604F068
:10186000DABE00BFCC0200200000C84270B50446BA
:10187000104D4FF0FF31D5F8280104F0D2FF0220BF
:1018800000F0B0FD204600F049FD00F069F900F0DD
:1018900067F800F069F900F063F800F069F900F00A
:1018A0005FF80023D5F828011A46BDE870401946B4
:1018B00004F0B1BECC02002000F072BA00F0CAB948
:1018C000042210B50B4B1C6E5A7093F95C30212B1F
:1018D0000BD164206043FFF747FF2346BDE810406B
:1018E0000320054A054900F0FDBE112BF5D16FF02C
:1018F0006300EFE7CC02002002810008FC800008B2
:1019000010B578B1FFF7CCFA0446FFF7F9FA204694
:10191000FFF7D0FB2346BDE810400320034A0449EB
:1019200000F0E0BEBDE81040FFF7CABF1981000813
:10193000FC80000838B50C4638220021054605F029
:1019400079FE4CB121462B4604F1140251F8040BE8
:10195000914243F8040BF9D102F0CEF9686338BD27
:10196000002310B5C361036243628362C3620363F1
:10197000044602F0C1F9606310BD00002DE9F84F84
:1019800004460846DDF828A01146A2616061C4F84B
:1019900030A01E46FEF77CFD2168E0610546FEF79B
:1019A00081FE676881463F493846FFF737F8E0B166
:1019B00039462846FEF776FE3146FEF773FE616A29
:1019C000FEF768FDD4F80C80606241468346FFF75D
:1019D00025F810B1C4F8248007E008F1004841461A
:1019E0005846FEF7FDFF0028F4D1D4F808802D49B1
:1019F0004046FFF713F878B130462B49FFF70EF851
:101A000050B1216A2846FEF743FD4146FEF74AFEE3
:101A10003146FEF7FBFEA062D4F824B04946584692
:101A20002562FEF737FDA16AFEF734FD5146FEF749
:101A300031FDD4F810A08046814601465046FEF79D
:101A4000CFFF78B138461749FEF7E8FF20B10021F3
:101A50002846FEF7E3FFC0B9D146C4F82C904846AB
:101A6000BDE8F88F0AF1004A41465046FEF7D6FF1E
:101A70000028F2D038460B49FEF7D0FF0028EBD003
:101A800000212846FEF7ACFFE5E739462846FEF779
:101A900009FE3146FEF706FE01465846FEF7F8FC01
:101AA0006062D9E717B7D138BD37863510B504461F
:101AB000002839D02149C068FEF792FF08B1204BB9
:101AC000E3601E492069FEF78BFF08B11D4B2361BF
:101AD00021461D48FFF72EFF1849206AFEF780FFB8
:101AE00008B11A4B23621549606AFEF779FF08B105
:101AF000174B6362174804F11401FFF71BFF0F49EE
:101B0000606BFEF76DFF08B1134B63630B49A06B6D
:101B1000FEF766FF08B10D4BA36304F128010F48DF
:101B2000BDE81040FFF706BF01460748FFF702FF78
:101B300021460848FFF7FEFE2146F0E76F12833A80
:101B40000000FA4300007A447404002000803B4502
:101B50000080BB453C04002000401C4604040020DB
:101B60000048704774040020004870473C0400207F
:101B70000048704704040020F0B50024012687B017
:101B8000F02200212C4805F055FD2C4B2C4D1C70EB
:101B90002C4B02A91C70AB692B4843F00803AB61C6
:101BA000AB69049603F008030093009B274B4FF4A6
:101BB0000057CDE902630323059302F067FE224636
:101BC0002146062002F074FC062002F0A1FC4FF42E
:101BD000805302A91C48CDE90234049602F056FE57
:101BE00002A91948029702F051FEAB6902A943F01D
:101BF0001003AB61AB69164803F010030193019B1E
:101C00004FF46043CDE9023602230494059302F0B9
:101C10003DFE324639460E4802F03AFF22464FF466
:101C200080410B4802F034FF22464FF4004108483F
:101C300002F02EFF07B0F0BDB4040020B104002074
:101C400000100240B0040020000C014000002110F0
:101C50000010014010B5204CFFF798F8D4F8F410AC
:101C6000FEF7DCFE08B1002010BDFFF795F8D4F8B0
:101C7000EC10FEF7D3FE0028F5D1FFF793F8D4F867
:101C80000811FEF7CBFE0028EDD1FFF791F8D4F84C
:101C90000C11FEF7C3FE0028E5D194F88230E07203
:101CA00023F0040384F88230C4F80300C4F807006A
:101CB00084F8830084F8240101F01CFA2378053BA2
:101CC000012B02D8022000F08DFB0320034A0449B7
:101CD00000F008FD0120C7E7CC0200203181000898
:101CE0004081000838B5054602F006F80446032D89
:101CF0002ED8DFE805F002162E4301224FF40051E2
:101D0000254802F0C5FE00224FF48041224802F02F
:101D1000BFFE0022BDE838404FF400411E4802F0EB
:101D2000B7BE00224FF400511B481C4D02F0B0FE1C
:101D300000224FF40041184802F0AAFE2B68E31A73
:101D4000FA2B05D94FF48041134802F0A6FE2C600F
:101D500038BD00224FF400510F48104D02F098FE9C
:101D600000224FF480410C4802F092FE2B68E31AE7
:101D7000B3F5FA7FECD94FF40041E5E700224FF4C8
:101D80000051054802F084FE00224FF480410248D1
:101D900002F07EFE0122BDE700100140AC040020ED
:101DA00010B50124094B204683F8234100F08AFA3C
:101DB000062000F017FB2046054A064900F092FC79
:101DC000BDE810400320FFF78DBF00BFCC0200200C
:101DD00045810008408100080138C0B208289ABF38
:101DE000024B33F810004FF47F4070471E8F0008FD
:101DF0002DE9F341DFF8F8800F46044698F80050CB
:101E000001F07AFF18236B433A4A3B4DD618D05065
:101E10003471286F7771FEF7F1FB3849FEF7F6FC55
:101E2000B060A86FFEF7EAFB3549FEF7EFFCF06003
:101E300095F88000FEF7DEFB3249FEF729FB0A2207
:101E4000B5F87E303061B38298F8003085F8834071
:101E50000133B3FBF2F102FB11332B4A88F8003057
:101E60001378092B9CBF01331370EB7A072B9FBFAC
:101E70005A1C5B19EA72DC70022F1BD9052000F096
:101E8000B1FA002000F01EFA234601201F4A204923
:101E900000F028FC0023204600938DF80430052232
:101EA000FFF79AFF694601F059F901F025FF02B0EA
:101EB000BDE8F0810AD1042000F094FA002000F07F
:101EC000CBF923463846134A1149E1E700F07AFA84
:101ED00000EBD07040F34F0000F0BEF92346022023
:101EE0000D4A0B4902B0BDE8F04100F0FBBB00BF5A
:101EF000B1040020B4040020CC0200200000C8423D
:101F000000007A4400002042B00400204C81000808
:101F1000408100085C8100086F8100082DE9F84FBE
:101F2000FEF734FF0746FEF737FF0646FEF73AFF97
:101F30008246FEF73DFF8146FEF7DCFF8046FEF756
:101F4000CBFF724C0546D4F89C103846FEF7AAFB2E
:101F5000C4E91C856E4983463846FEF7A3FBFEF7AD
:101F60007DFD6C49A0675846FEF79CFBFEF776FDA9
:101F70006749A4F87C003046FEF794FBFEF794FD19
:101F80006549A4F87E005046FEF784FAFEF78CFD02
:101F9000614984F880004846FEF77CFAFEF784FD2C
:101FA000394684F88100D4F8F400FEF719FD314673
:101FB0000028D4F8EC0014BF03250025FEF710FD1F
:101FC00008F16308002818BF0325B8F1C60F07D829
:101FD0003946D4F80001FEF703FD002818BF032599
:101FE000FEF79AFF51460028D4F8080118BF0325D0
:101FF000FEF7F6FC49460028D4F80C0118BF03256B
:10200000FEF7EEFC59460028D4F8F80018BF032567
:10201000FEF7E6FC18B1022D34BF02250325314638
:10202000D4F8F000FEF7FAFC40B130463B49FEF729
:10203000F5FC18B1022D38BF0225EDB201F05CFEAF
:10204000D4F81C31C01AB4F81031984215D9032DB8
:1020500015D03146D4F8F000FEF7E0FC002852D04D
:1020600030462E49FEF7DAFC002814BF0720012075
:102070000221FFF7BDFE02251BE0032D3FD13146B3
:10208000D4F8EC00FEF7ACFC002834D15146D4F86B
:102090000801FEF7A5FC80BB4946D4F80C01FEF709
:1020A0009FFC002814BF052002200321FFF7A0FE9B
:1020B00003252846FFF716FEE27A94F82231003A0B
:1020C00018BF0122003B18BF01235B0043EA8203D3
:1020D00094F82121A570002A18BF43F0010394F859
:1020E00023212846003A18BF012243EAC20384F89C
:1020F0008230BDE8F88F0620D7E70420D5E7022D0F
:10210000A7D00025D5E70120B2E700BFCC02002010
:1021100000007A440000C84200002042CDCCCC3DF3
:1021200070B50024454B96B01C80454B4FF480762B
:102130009A6903A942F400629A619A69414802F4DB
:1021400000620092009A9A694FF4005542F004022E
:102150009A619A6902F004020192019A9A6942F026
:1021600008029A619B69039603F008030293029B9D
:102170000223CDE904330323069302F087FB4FF4D7
:10218000007303A92F48039302F080FB03A92E4894
:10219000039502F07BFB4FF4804303A92A48039385
:1021A00002F074FB294A2A4B2021C2E9003440F294
:1021B0000773C2E90213802310469361C2E9044405
:1021C00003F0A0F81022214612A805F033FA4FF4CC
:1021D00000604FF48063CDE90E0348230EA91B482D
:1021E00011931395109603F082FA2146182208A83D
:1021F00005F020FA04256023224607A91348079317
:102200000B9503F0D9F82A4607A9104803F0D4F833
:1022100021460E4803F094F921460C4803F063FA76
:1022200029460A4803F08CF92946084803F05BFA6E
:102230000122084B1A7016B070BD00BFA605002021
:102240000010024000080140000C0140A8050020D9
:10225000002C0140A4050020164B1B784BB3164BF5
:10226000164A8342B8BF0346B3F57A7FA8BF4FF43E
:102270007A731380124A002812680BDB40F2077150
:102280004B434FF47A710128B3FBF1F30EDC0023CA
:1022900053630DE00130FAD000215163A1F20771C0
:1022A0004B434FF47A71B3FBF1F301E05363002326
:1022B00093637047A405002018FCFFFFA6050020CB
:1022C000A805002010B504460021104803F076F957
:1022D00000210E4803F009FA04210C4803F06EF9BE
:1022E00004210A4803F001FA012C08D1084B1A6AAC
:1022F00042F004021A621A6A42F040021A62002393
:10230000044A1380044A137010BD00BFA8050020C2
:10231000002C0140A6050020A405002010B50446AD
:102320000020FFF799FF012C02D1642001F0EAFCA4
:102330000021094803F042F90021074803F0D5F9CC
:102340000421054803F03AF90421034803F0CDF9CC
:102350000022024B1A7010BDA8050020A405002021
:1023600070B5164E0446357898B18DB92946144893
:1023700003F0E6F82946124803F0B5F904211048A5
:1023800003F0DEF804210E4803F0ADF901233370A9
:1023900070BD002DFCD00146094803F00FF921461D
:1023A000074803F0A2F90421054803F007F90421C6
:1023B000034803F09AF93470EAE700BFA40500204F
:1023C000A8050020014BB3F900007047A6050020C6
:1023D0000023024A1370024A13707047CC02002097
:1023E000F005002073B5174C05462678864217D0B5
:1023F000431E052B0CD8DFE803F003151D0B21212C
:102400000020FFF7ADFF002384F8223184F821314A
:102410002570334604200C4A0C49009500F062F9FF
:1024200002B070BD0120FFF79BFF012384F821312A
:10243000002300E0012384F82231E9E70020FFF7C0
:1024400041FFF5E7CC0200207B8100088C81000869
:1024500010B50A4C23781BB1042B09D0207810BD8D
:1024600094F82131002BF9D10120FFF7BBFFF5E7EC
:10247000FFF7A8FF0028F1D10220F6E7CC020020E8
:102480000F4B1B78062B08D8DFE803F004080B116C
:102490001417170000220B4B1A7070470122094BCA
:1024A000FAE7084B1A78072AF7D00322F4E7042248
:1024B000044BF1E70522034BEEE70722014BEBE764
:1024C000CC020020F0050020072808B507D807280F
:1024D00009D8DFE800F023082108080809150F28AB
:1024E00013D080281CD008BD124B1B78033B012B56
:1024F000F9D80220FFF776FFBDE80840FFF7C0BF1C
:102500000C4B1B78023B032BF2E70A4B1B78033B77
:10251000022BE8D80320EDE70420EBE70120E9E7F0
:10252000044B1B78072BDED1FFF794FB0028DAD091
:10253000DFE700BFF005002038B51E4B1A78531EA8
:10254000DBB2062B31D81C49012ACB5C03D0072A09
:1025500001D043F01003194CA278012A627808BF19
:1025600043F08003012A43F4007509D1226FE1682A
:10257000521A6332C62A01D843F4C065284638BDD2
:10258000022AFBD1626F2169521A0132022A98BFD6
:1025900043F4C065FEF7A0FC636D834202DAA36DCD
:1025A0008342EBDC45F40065E8E7012A4FF00003C5
:1025B000CFD8D0E7F0050020308F0008CC020020F3
:1025C00010B50446FEF79AFA2146BDE8104082B2E3
:1025D0006423014803F082B9840600200FB400B5DB
:1025E000C3B044AB53F8042B4FF4807102A801939D
:1025F00005F012F802A8FFF7E3FF43B05DF804EB23
:1026000004B0704730B52B4B87B0DA69012142F432
:102610000032DA61DA69284802F400320092009A46
:102620009A69002542F004029A619B69042203F032
:1026300004030193019B0223CDE902230323CDE987
:10264000041302A902F022F908231B480DEB030131
:10265000CDE9023502F01AF94FF4E133174C18486E
:10266000C4E90255C4E900030C232046C4E905353A
:102670002561E56103F001F9124B1D70124B1D70CD
:10268000124B1D7001F038FB2268114B1860D368A3
:10269000104843F02003D360FFF792FF0E48FFF786
:1026A0008FFF0E48FFF78CFF0D48FFF789FF07B03B
:1026B00030BD00BF00100240000801408406002029
:1026C00000440040F9050020F805002080060020A5
:1026D0007C0600208F810008C0810008EA81000884
:1026E0000B8200080CB4F0B5164B04461B780E465E
:1026F0008342C5B021D300B301F0FEFA4BAA039286
:10270000114B124A1B6852F8242004ADC31A4FF42F
:102710008071009228460E4A019604F019FF039B2F
:10272000C0F580714A9A284404F076FF284609498A
:1027300004F088FF2846FFF743FF45B0BDE8F040AE
:1027400002B07047040000207C060020388F00088B
:102750003E820008EB86000813B521480268136822
:102760009B061CD56FF0200153681160DBB20D2B66
:102770001C4A8DF8033001D00A2B12D1137873B1A3
:102780000122194B01A91A70184B1A889B78ADF8D1
:1027900004208B7002220A23114803F09FF802B034
:1027A00010BD082B01D07F2B0BD113781BB11378F0
:1027B000013BDBB213700E4B0322019301A90A23E4
:1027C000EAE711787E29EAD81478611CC9B2117041
:1027D000084A0DF1030113550A230122DDE700BF6A
:1027E00084060020F9050020F8050020EB8600088B
:1027F00008200800FA05002037B501F07DFA0D4ADF
:102800001368C31A092B13D9106064220A4B0B49B1
:10281000B3F97C401D6F096801949C6F411A94FBC9
:10282000F2F4009495FBF2F25B6F0548FFF7D6FED9
:1028300003B030BDF4050020CC0200207C0600204F
:102840005082000880B5A84EA84FDFF8A482BAB025
:10285000A8490B78002B00F0AD800025A64AA74CB4
:10286000137812A8DBB20D70294615702022E554AA
:1028700004F0E0FE802229461AA804F0DBFE23467D
:102880001A781846202A03F10103F9D0002112AC6E
:10289000034610F8012B12F0DF0F01D01F2915D1CC
:1028A0000024A646E831694401F8A04C1AAD8AB963
:1028B000934912A8FEF718F920B1924912A8FEF721
:1028C00013F940BB9048FFF77BFE70E0013104F83C
:1028D000012BDDE71A781846202A03F10103F9D00D
:1028E000002AE5D0042CE3D0AC460021034610F8C2
:1028F000012B12F0DF0F01D01F2908D13AA800EBFD
:102900004410014401F880EC20350134CFE7013157
:102910000CF8012BEAE77D4912A8FEF7E5F800283C
:1029200051D17B4CE37A94F8019025780D93A378EC
:102930000C9394F88100FDF761FE3146FDF7A8FD88
:10294000FDF74AFDCDE90A0194F88000FDF756FE37
:102950003146FDF79DFDFDF73FFDCDE90801B4F8D7
:102960007E00FDF74BFE3946FDF750FFFDF734FDC5
:10297000CDE90601B4F97C00FDF740FE4146FDF7C4
:1029800045FFFDF729FDCDE90401A06FFDF736FEF7
:102990003946FDF73BFFFDF71FFDCDE90201636FEF
:1029A0004A4600932946236F5A48FFF717FE5A48B4
:1029B000FFF706FE594B1B780BB1FFF71DFF0A20EE
:1029C00003F038FB44E7564912A8FEF78DF888B9A2
:1029D00001F092F9534B1C68041B00F0EDFA0578E6
:1029E00000F0E4FA2B460090224601214E48FFF702
:1029F000F5FDDCE74D4912A8FEF776F880B97CB109
:102A00001AA804F0A5FC04460120FEF78FFE6420FE
:102A10006043FEF7A9FE21464548FFF7DFFDC6E704
:102A2000444912A8FEF760F80546F0B9ECB11AA8BF
:102A300004F08EFC012C814606D03F4922A8FEF707
:102A400053F8B0FA80F56D090220FEF76FFE484694
:102A5000E9B2FEF7B3FE384A384B4946002D08BFAD
:102A60001A463748FFF7BAFDA1E7364912A8FEF724
:102A70003BF868B964B11AA804F06AFC0446032064
:102A8000FEF754FE2046FEF7C3FE21462E48C4E75B
:102A90002E4912A8FEF728F868B954B12C491AA893
:102AA000FEF722F8B0FA80F04009FEF7DFFE294871
:102AB00009E72046F9E7284912A8FEF715F818B9E2
:102AC000FEF7FAFE2548FEE6254912A8FEF70CF8A7
:102AD00000284BD1FEF7F2FE224B234A002818BFF4
:102AE0001A461046EFE600BF0000204200007A447C
:102AF0000000C842F8050020F9050020FA05002072
:102B0000B1820008B6820008B8820008E685000895
:102B1000CC020020ED8500083B82000880060020E2
:102B2000538600087C060020588600088F8600081F
:102B300095860008A5860008668200086A8200085B
:102B4000A9860008B7860008BE860008E08600084F
:102B5000CF860008D5860008DF860008E5860008D5
:102B6000EE8600086E820008798200086B4912A880
:102B7000FDF7BAFF68B954B169491AA8FDF7B4FF67
:102B8000003818BF0120FEF7BBFE66489BE6012017
:102B9000F9E7654912A8FDF7A7FF88B900F00CFA1C
:102BA000044600F003FAA389227802936389014660
:102BB000019323895D4800936368FFF70FFDF6E6F4
:102BC0005B4912A8FDF790FF002860D1012C5EDD63
:102BD00058491AA8FDF788FF054600BB0246014682
:102BE00022A804F0ABFC042304461093294610AB42
:102BF0000FAA80B20F9500F0BDFFA4B260B1109A89
:102C00000FA9042A28BF042211A8119504F05EFD23
:102C10002146119A484825E721464848FDE648499B
:102C20001AA8FDF761FFE0B9022C1AD0002222A8F1
:102C3000114604F083FC0022044611462AA804F041
:102C40007DFC11AA119004230021A0B200F0ACFF7A
:102C50003C4B3D4A002818BF1A461046FFF7BEFC01
:102C6000A5E63A491AA8FDF73FFF20B9FEF77CF91F
:102C7000374B384A32E738491AA8FDF735FF0028A4
:102C80007FF495AE00F0C8FF01463448C5E63449EC
:102C900012A8FDF729FF58B954B11AA804F058FB3F
:102CA000042801463FF683AE2E4B18702E48B4E63A
:102CB0002E4912A8FDF718FF78B974B12C491AA84B
:102CC000FDF712FF00280CBF01220022294B2A48E1
:102CD0001A702A4B08BF1846F5E5294912A8FDF7D6
:102CE00003FF90B92748FFF76BFC642001F00AF856
:102CF000BFF34F8F2449254BCA6802F4E0621343A7
:102D0000CB60BFF34F8F00BFFDE79DF84830002B2D
:102D10003FF44DAE1E4812A97FE600BFF4860008BE
:102D2000F9860008FE8600080A8700081287000856
:102D300041870008478700084B8700085A8700082A
:102D4000F086000874820008938200086D870008EE
:102D5000868200088E820008728700087787000844
:102D60009F87000804000020A3870008AC870008A4
:102D7000A88C000880060020A58200089A8200081E
:102D8000B2870008B987000800ED00E00400FA05EA
:102D9000C58700082DE9F041484A494C494B94B099
:102DA000C4E90123484B0126E3604FF4FA73238200
:102DB000464B2670DA69002542F00072DA61DA6962
:102DC00006A902F000720392039A9A69404842F001
:102DD00008029A619A69032702F008020492049A91
:102DE0009A694FF0020832439A619B69394A33402D
:102DF0000593059B536823F4C04343F0E06343F419
:102E0000804353604FF480730795069309950896A5
:102E100001F03CFD4FF4007306A92D48CDE90638BA
:102E2000099701F033FD2C4A2C4B4FF4E021C2E905
:102E300000374FF40013C2E904134FF0012310468A
:102E40009361C2E90255958301F099F92822294638
:102E50000DEB020004F0EEFB0AA91F48CDE9116654
:102E600001F00EFA00F018FA00F0DCF900F0FFFEB5
:102E700000F0D8FE00F028F900F0FAFE00F0A0F80B
:102E8000154801F074FA4146134801F0EDFA0422A6
:102E9000134B1A7000F030FF124B186000F02CFF3B
:102EA000114B124A18606368384600932378104922
:102EB000FFF718FC14B0BDE8F08100BF40420F00DE
:102EC000DC060020C80001000A0064000010024077
:102ED000000C014000000140F406002000640040A6
:102EE000F0060020D8060020D4060020F287000853
:102EF0000D8800082DE9F34102F0F4FE174F184E3B
:102F00000190184D012101A803F06AF800F0F4FEC9
:102F10003B780446052B07D133686A89C31A93426C
:102F200002D300F0A6FE3460DFF83C802A89D8F88E
:102F30000030E31A934203D300F07AF9C8F8004056
:102F4000DFF82880AA89D8F80030E31A9342D9D351
:102F500000F069FEC8F80040D3E700BFF00600208B
:102F6000D4060020DC060020D8060020CC06002075
:102F7000082A7FB54FF0000328BF0822CDE90133AE
:102F80000090039304928DF814300A46054B69466D
:102F9000054801F017FAB0FA80F0400907B05DF873
:102FA00004FB00BFD0060020F4060020014B187877
:102FB000704700BFF006002000487047DC06002084
:102FC0007047030602D58020FFF77EBA00F08F001D
:102FD000072807D8072810D8DFE800F00D0F0B0FDF
:102FE0000F0F07090F28EFD070470620ECE70720E6
:102FF000EAE70220E8E70020E6E770470138052805
:1030000007D8DFE800F00706030A060D0122064B89
:103010005A7070470222044BFAE70322024BF7E78B
:103020000422014BF4E700BFCC02002038B505466E
:10303000FFF782FA0446FDF75DFF2C70240A6C70DE
:10304000C5F8020038BD000038B50446FDF744FF5E
:103050000546FDF79BFE04492560FDF723FBFDF7C0
:10306000FDFC606038BD00BF00007A44F8B504463E
:10307000FDF78CFE104BD3F89C10FDF713FB0F49A6
:10308000FDF710FBFDF7EAFC07B2FDF78BFE0646E5
:10309000FDF782FE0A49054627803046FDF7FAF91A
:1030A000FDF702FD0749A0702846FDF7FBFAFDF782
:1030B000FBFCA4F80300F8BDCC0200200000C842CD
:1030C0000000204200007A44A02208B500210548F3
:1030D00004F0B0FA0023044A1370044A1370044A3F
:1030E000136008BD240700202107002020070020CE
:1030F0001C07002013B50024FFF75EFFCDE9004454
:103100000078082269468030FFF732FF23462146C7
:10311000064A01330A2B117302F11002F9D1032080
:10312000034A0449FFF7DEFA02B010BD240700206D
:10313000158800082088000810B5FFF73DFF0446F9
:1031400000F0DAFD044B1B68C31AE089834234BFE8
:103150000020012010BD00BF1C0700202DE9F34115
:1031600005460C461746FFF7E7FF00284AD0FFF751
:1031700023FF0023CDE9003301238046ADF8005042
:103180008DF802300DF1030644B13FB1052F3A46E8
:10319000214628BF0522304604F098FA98F800002E
:1031A0001A4F082269468030FFF7E2FE3C7800F0B3
:1031B000A3FD17492301C8500120DDF803C001EB2E
:1031C00004120733958090715C1841F803C033797D
:1031D00023710A2310733A780244B2FBF3F103FB24
:1031E00011223A700B4A1378092B9CBF1B181370DD
:1031F00000F082FD084B094A186009492B4601205E
:10320000FFF770FA02B0BDE8F08100BF210700208F
:1032100024070020200700201C0700202588000824
:10322000208800080022014B1A707047C407002054
:1032300007B5FFF7C1FE074B01221B7801A98DF8E6
:103240000430007800F5E060FFF792FE03B05DF80F
:1032500004FB00BFC4070020F0B50D4F3D884F2D83
:1032600014D818266E43DFF82CC001350CEB060489
:103270002371059B2CF80600A360069BA170E360F8
:10328000079BE2702361089B3D806361F0BD00BF36
:10329000C6070020C80700202DE9F04F0024DB4BB3
:1032A00085B01C80FFF788FED94B0126186040F2DC
:1032B00001134FF47A7B4FF0C809D64DD6492C80C4
:1032C000D64DDFF85CE3D74ADFF85CA32B60D74B21
:1032D0000C700746D649DFF85C83D748CEF800402B
:1032E00014701E60AAF8004004F0E8F9D349D448ED
:1032F00004F0E4F9C8F800B0DFF84883D24BA8F82E
:1033000000900195042521462246CDE902434FF461
:10331000805007230095FFF79FFFCC4B41F201003F
:10332000CDE90243CDE9006405230A37FFF794FF96
:10333000CDE900571027C64B0222CDE902B341F276
:1033400005000723FFF788FFC24BBA48CDE902B357
:10335000CDE90050072341F20600FFF77DFFBE4B89
:10336000B7480322CDE9024301900097092341F2B7
:103370000800FFF771FFB94BAF48CDE90243CDE933
:103380000070092341F20A00FFF766FFCDF80480C0
:103390004FF00208B24B4246CDE90293CDF80080CF
:1033A000062341F21700FFF757FFAE4B224641F2CA
:1033B0001800CDE90253CDE900640523FFF74CFF67
:1033C0009A4FA94B3146CDE90243CDE90057072377
:1033D000FFF742FFA54B4146CDE90243CDE9005737
:1033E0000723FFF739FFA24B0321CDE902438B4BA3
:1033F000A04FCDE900530723FFF72EFFDFF814C2DB
:103400009D4B2146CDE9008C4246CDE9024346F270
:1034100040000623FFF720FF984BCDE9008A2246A3
:10342000CDE9024346F241000623FFF715FF944B16
:103430004246CDE90087CDE9024346F2420003232C
:10344000FFF70AFF8F4B07F13409CDE902B3CDE94D
:103450000059072346F24800FFF7FEFE8A4B07F1AA
:10346000380CCDE9005CCDE902B346F249000723F0
:10347000FFF7F2FE854B46F2A300CDE9024307F1C8
:103480003C03CDE900530723FFF7E6FE804B07F12D
:10349000680A2246CDE90243CDE9005A2B4646F29E
:1034A0006200FFF7D9FECDE9005A41F2883A794B24
:1034B00046F26400CDE902432B46FFF7CDFE764B82
:1034C0004246CDE90243CDE900572B4646F26B0058
:1034D000FFF7C2FE714B2246CDE9024307F16403B8
:1034E000CDE9005346F26C002B46FFF7B5FE6C4B5E
:1034F0004246CDE902437B19CDE9005346F27A00FA
:103500002B46FFF7A9FE674B46F27D000393664BFF
:10351000029307F14803CDE900532B46FFF79CFEC9
:10352000624B46F27E000393614B029307F14C031A
:10353000CDE900532B46FFF78FFE5E4BCDE90059D6
:10354000CDE902B346F281000723FFF785FE5A4B0F
:10355000CDE9019A039346F2830007230095FFF714
:103560007BFE564B07F1380CCDE902A34FF0640AFD
:10357000CDE9005C072346F28400FFF76DFE504B57
:1035800046F2F200CDE9024307F10C03CDE90083D6
:103590000623FFF761FE4B4B46F27100CDE9024373
:1035A00007F10803CDE900830323FFF755FE464BDF
:1035B00007F1EC09CDE90243CDE90089062346F283
:1035C0007200FFF749FE414B2246CDE9024307F165
:1035D0007003CDE9008346F277000323FFF73CFE3A
:1035E0003B4B4246039307F14403CDE9005346F2B7
:1035F00087000723CDF808A0FFF72EFE354B0948BA
:10360000CDE90243CDE90060434665E0C6070020EE
:10361000840F00207E0F0020800F0020780F0020F4
:10362000700F0020810F00207C0F0020740F0020FD
:103630003D8800084C0F0020600F002049880008DA
:10364000500F0020480F00205988000865880008A6
:1036500074880008808800089B880008B4880008E7
:10366000D2880008EA880008038900080D8900084C
:103670001A890008D80200202A8900083689000823
:1036800041890008548900086D890008868900086E
:1036900093890008A9890008BF890008CF8900081C
:1036A000E5890008F5890008C0BDF0FF118A00080F
:1036B00040420F002D8A00083E8A0008538A000805
:1036C000688A0008808A00088E8A0008998A0008A3
:1036D000AD8A0008BA8A000846F26000FFF7BCFD18
:1036E000E54BE64ACDE90243CDE900624346224676
:1036F00046F26100FFF7B0FDE14B424603934FF005
:10370000FF33029307F15003CDE9006343464FF4C2
:10371000FA7846F29800FFF79FFDDA4B46F29900DF
:10372000039307F15403CDE90053CDF80880072334
:10373000FFF792FDD44B46F29A00CDE902A307F1C0
:103740005803CDE900530723FFF786FDCF4B46F220
:10375000E300CDE9024307F15C03CDE900532B46BA
:10376000FFF77AFDCA4B4FF40050CDE902B307F1E1
:103770007803CDE9002331460623FFF76DFDC54BE5
:103780001146CDE9024307F17C03CDE9005308233C
:10379000FFF762FDC04B0321CDE9024307F180032F
:1037A000CDE900530823FFF757FDBC4B2946CDE96F
:1037B000024307F18403CDE900530823FFF74CFDD2
:1037C000B74B0521039340F6B833029307F1880302
:1037D000CDE900230323FFF73FFDB24B0621CDE9DE
:1037E000024307F18C03CDE900530823FFF734FDB2
:1037F000AD4B0721CDE9024307F19003CDE900531A
:103800000823FFF729FDA94BCDE9024307F19403F3
:10381000CDE9005308231946FFF71EFDA44B0921EB
:10382000CDE9025307F19803CDE900630523FFF7C3
:1038300013FDA04B0A21CDE9024307F19C03CDE91A
:1038400000530823FFF708FD9B4B0B21CDE90243F2
:1038500007F1A003CDE900530823FFF7FDFC974BC8
:1038600042F22000CDE9024307F1A4033146CDE93D
:1038700000530823FFF7F0FC914B1146CDE90243BA
:1038800007F1A803CDE900530823FFF7E5FC8D4BB2
:103890000321CDE9024307F1AC03CDE9005308232E
:1038A000FFF7DAFC884B42F22100CDE9024307F131
:1038B000B8033146CDE900530823FFF7CDFC834B15
:1038C0001146CDE9024307F1BC03CDE900530823BB
:1038D000FFF7C2FC7E4B0321CDE9024307F1C00391
:1038E000CDE900530823FFF7B7FC7A4B42F22200E0
:1038F000CDE9024307F1CC033146CDE9005308235B
:10390000FFF7AAFC744B1146CDE9024307F1D0033F
:10391000CDE900530823FFF79FFC704B0321CDE94D
:10392000024307F1D403CDE900530823FFF794FCC9
:103930006B4B4FF40150CDE9024307F1E0033146F0
:10394000CDE900530823FFF787FC664B1146CDE90C
:10395000024307F1E403CDE900530823FFF77CFCA1
:10396000614B0321CDE9024307F1E803CDE90053A0
:103970000823FFF771FC5D4B2946CDE90243CDE9F1
:1039800000590823FFF768FC594B0521CDE9024394
:1039900007F1F003CDE900530823FFF75DFC554B19
:1039A0000621CDE9024307F1F403CDE900530823D2
:1039B000FFF752FC504B0721CDE9024307F1F80312
:1039C000CDE900530823FFF747FC4C4BCDE90243F8
:1039D00007F1FC03CDE9005308231946FFF73CFC2F
:1039E000474BCDE9024307F58073CDE900530B4601
:1039F0000921FFF731FC434B0A21CDE9028307F58A
:103A00008273CDE900230623FFF726FC3E4B603787
:103A10003146CDE90243CDE900572B464FF404501F
:103A2000FFF71AFC394F3A4B22462146CDE90243B3
:103A300042F201100723CDE90057FFF70DFCDFF834
:103A4000D4E0354BCDE9005ECDE9024342F20210ED
:103A50000723FFF701FC314B42F20310CDE902438B
:103A60002F4BCDE900530723FFF7F6FB03202D4B27
:103A70002D4A1B885AE000BFCD8A0008800F002025
:103A8000E88A0008F68A00080A8B00081C8B0008E8
:103A9000288B0008348B0008428B0008508B0008EC
:103AA0005D8B0008698B0008768B0008868B000808
:103AB000948B00089F8B0008B08B0008C18B000816
:103AC000C88B0008CF8B0008D68B0008DD8B000860
:103AD000E48B0008EB8B0008F28B0008F98B0008E0
:103AE000008C00080D8C00081A8C0008278C000838
:103AF000318C0008398C0008478C0008528C000873
:103B00005C8C0008658C0008728C0008740F002023
:103B10007E8C0008700F00208C8C00089A8C0008A6
:103B2000780F0020C6070020AB8C0008024905B0C2
:103B3000BDE8F04FFEF7D6BDD58C000870B50B4B35
:103B400000241E880A4B1A46A5B2AE4201D80020B6
:103B500008E01D88854206D19D788D4203D1182347
:103B600003FB042070BD01341833EDE7C6070020C5
:103B7000C807002070B516461C46FFF7DFFF78B176
:103B8000C378012B0DD085682368C1689D4228BF8A
:103B90001D4619B12A46304603F098FD01202560E4
:103BA00070BD0020FCE700002DE9F041064690467C
:103BB0001F46FFF7C3FF0D46044648B3C078A0B1C7
:103BC000032825D0A368BB4222D3E06818B13A4647
:103BD000414603F07BFD46F240039E4207D11DB9EA
:103BE000E3681888FFF7EDF90120BDE8F08146F29F
:103BF00060039E42F8D1002DF6D1E36893F90000EE
:103C0000FFF7FCF9E36893F90020024B1A70EBE729
:103C10000020EAE7800F0020014B1888704700BFA2
:103C2000C6070020704713B5FFF7C6F9044668467B
:103C3000FFF7FCF920786946062200F5C070FFF70F
:103C400097F96846FFF700FA20786946082200F5E0
:103C50002070FFF78DF96846FFF708FA20780522F3
:103C6000694600F56070FFF783F902B010BD704738
:103C70007047002280201146FFF77AB970477047DD
:103C800038B50E4B05461A784FF47A73B3FBF2F34E
:103C90000B4A1068B0FBF3F000F048FC044658B93A
:103CA0000F2D09D8024629464FF0FF3000F000FCE6
:103CB0002046044B1D6038BD0120FCE70C000020AD
:103CC000080000201000002008B5032000F0DEFBF3
:103CD0000F20FFF7D5FFFFF7D2FF002008BD00003F
:103CE000034A044B11681B780B441360704700BFF4
:103CF000880F00200C000020014B1868704700BF9F
:103D0000880F002038B50446FFF7F6FF0546631C10
:103D10001EBF044B1B78E418FFF7EEFF431BA342C2
:103D2000FAD338BD0C000020704710B5436A9A6A78
:103D300012F0500F1BD19A6A42F400729A621A680C
:103D4000926802F46022B2F5602F0CD11A7B52B94E
:103D50009A6A22F480729A629A6AD2045EBF9A6A60
:103D600042F001029A621846FDF728F810BD1B6A5E
:103D7000BDE810401B6B1847704708B5406AFFF755
:103D8000FBFF08BD704708B5406A836A43F04003F3
:103D90008362C36A43F00403C362FFF7F3FF08BD05
:103DA000002373B5019390F824300246012B6FD0A5
:103DB000012380F824304C680068062C0E6804EB60
:103DC000840324D81F25446B053B9D4024EA050449
:103DD00006FA03F3234343630C681668092C04EBCB
:103DE00044008B684FF0070428D9F5681E388440DA
:103DF00025EA040483402343F3600B68103B012B46
:103E000024D90020002382F8243002B070BD0C2C8D
:103E10004FF01F0409D8056B233B9C4025EA04049E
:103E200006FA03F323430363D6E7C56A413B9C408C
:103E300025EA04049E403443C462CDE735698440DA
:103E400025EA0404834023433361D6E7136811480D
:103E5000834217D198680002D3D4986840F40000D8
:103E600098600B68102BCCD10B4B0C491B68B3FB33
:103E7000F1F30A214B430193019B002BC1D0019B1D
:103E8000013BF8E7936A012043F020039362B9E70E
:103E90000220BAE7002401400800002040420F0041
:103EA000002337B50193036804469A68D20702D508
:103EB000002003B030BD9A6842F001029A60144BB2
:103EC000144A1B68B3FBF2F30193019BE3B9FFF7BC
:103ED00013FF054623689B68DB07E9D4FFF70CFF57
:103EE000401B0228F6D923689B6813F00103F1D127
:103EF000A26A012042F01002A262E26A84F8243031
:103F000042F00102E262D4E7019B013BDCE700BF23
:103F10000800002040420F002DE9F041404B904640
:103F2000026804469A420F4602D03E498A4203D1B3
:103F30005B6813F4702F6FD194F82430012B6DD08F
:103F40000123204684F82430FFF7AAFF0646002804
:103F50005FD1A56A2168334B25F4706525F0010512
:103F600045F480759942A56204D12D4A536813F433
:103F7000702F40D1A36A23F48013A3624B685A05C3
:103F800005D5A36A23F4405343F48053A362A36A84
:103F9000254A13F480531CBFE36A23F00603E3624F
:103FA000002384F82430236A9A62236A1F4ADA6263
:103FB000236A1F4A1A636FF0020223681A6022689C
:103FC000936843F480739360216843463A46206ABD
:103FD0004C3100F0EFFA23689A6802F46022B2F5DF
:103FE000602F9A680CBF42F4A00242F480129A60DB
:103FF0003046BDE8F081A36A43F48013A36253689E
:104000005B0541BFA06A20F4405040F48050A0629C
:10401000BDE7002384F824300126E9E70226E7E71C
:1040200000240140002801402B3D00087B3D000892
:10403000873D000838B5036804469A68D10701D463
:10404000002038BD9A6822F001029A60FFF754FE02
:10405000054623689B68DB07F2D5FFF74DFE401B42
:104060000228F6D923689B68DA07F2D5A36A0120F3
:1040700043F01003A362E36A43F00103E362E0E765
:1040800070B5044600286DD0836A23B9C36280F8F6
:104090002430FFF749FE2046FFF7CCFFA36A13F058
:1040A000100361D100285FD1A26A616822F48852AE
:1040B00022F0020242F00202A262E269257B114371
:1040C000A26841EA4501B2F5807F03D0561E7242D4
:1040D00072411202267D012E07D1002D2FD1A56934
:1040E000013D42EA453545F400622668756825F4CD
:1040F00069452A43726025681E4AAE6832400A4309
:10410000AA60A268B2F5807F01D0012A02D123699A
:10411000013B1B052568EA6A22F470021343EB6237
:1041200023689A68144B1340994211D10023E3622B
:10413000A36A23F0030343F00103A36270BDA56AE1
:1041400045F02005A562E56A45F00105E562CCE78A
:10415000A36A23F0120343F01003A362E36A43F05F
:104160000103E3620120E9E7A36A43F01003A362BD
:10417000F8E700BFFDF7E1FFFE0E1FFF704738B5FF
:104180000446002874D090F820300BB9FFF7F6FFF2
:104190002268136843F001031360FFF7ADFD054685
:1041A00023685A68D10757D51A6822F002021A60AC
:1041B000FFF7A2FD054623685A6892075AD4227E6B
:1041C0000020012A1A680CBF42F0800222F080020F
:1041D0001A602368627E012A1A680CBF42F040020E
:1041E00022F040021A602368A27E012A1A680CBFDE
:1041F00042F0200222F020021A602368E27E012AA7
:104200001A680CBF22F0100242F010021A602368F4
:10421000227F012A1A680CBF42F0080222F008022D
:104220001A602368627F012A1A680CBF42F00402F8
:1042300022F004021A60D4E9023213432269216891
:104240001343626913436268013A1343CB6101234C
:10425000606284F820300CE0FFF74EFD401B0A2816
:104260009ED9636A43F400336362052384F82030E7
:10427000012038BDFFF740FD401B0A289BD9F0E71D
:1042800070B590F82030013B012B6AD803680120FB
:10429000D3F8002242F00102C3F800224A69D3F8A1
:1042A0001C4202F01F0200FA02F224EA0204C3F8E0
:1042B0001C42CC69D043ACB9D3F80C420440C3F8DB
:1042C0000C42CE684C698D88483445EA064543F86F
:1042D00034504C698E680D88483445EA064503EB36
:1042E000C4046560CC69012C15D1D3F80C42144389
:1042F000C3F80C420E684C698D88483445EA06457F
:1043000043F834504C698E688D89483445EA064537
:1043100003EBC40465608C69DCB9D3F80442044043
:10432000C3F804420C69C4B9D3F814422040C3F85E
:1043300014020020096A012902BFD3F81C120A43A3
:10434000C3F81C22D3F8002222F00102C3F8002295
:1043500070BDD3F804421443E2E7D3F814021043CB
:10436000E5E7436A43F4802343620120F0E738B570
:1043700090F820300446012B1FD10223026880F8F8
:104380002030136823F001031360FFF7B5FC0546E6
:104390002368586810F0010001D1606238BDFFF752
:1043A000ABFC401B0A28F3D9636A43F40033636211
:1043B000052384F820300120F0E7436A43F400230A
:1043C0004362F8E7F0B590F820500468013D012DF4
:1043D000A46845D814F0E05F3CD00125C4F3016423
:1043E000A5401D60066804F11807D1E9023553BBEA
:1043F0000B6845EA43553B01F55003680D6903EB33
:1044000007135D600B7D012B4FEA041307D1016890
:104410001944D1F8844144F48074C1F8844101689E
:1044200054681944C1F88C41116802681A44C2F8F2
:104430008811026800201344D3F8802142F0010261
:10444000C3F88021F0BD2B434D6843EAC5033D010D
:104450007351D2E7436A43F4001343620120F1E74A
:10446000436A43F48023F8E790F82030013B012BA6
:1044700005D8026800205369194351617047436AA7
:1044800043F4802343620120704700000749030280
:10449000CA6803F4E06322F4E0621204120C1343CE
:1044A00043F0BF6343F40033CB60704700ED00E09E
:1044B00030B5154BDC68C4F30224C4F10703251D95
:1044C000042B28BF0423062D4FF0FF3594BF002492
:1044D000033C05FA03F321EA0303A54022EA05029F
:1044E000A340002843EA0203ACBF00F16040074A42
:1044F0004FEA0313DBB2ABBF00F5614000F00F00E1
:1045000080F80033135430BD00ED00E014ED00E0FE
:10451000002807DB01234109034A00F01F00834004
:1045200042F82130704700BF00E100E00138B0F1EF
:10453000807F0BD24FF0E023F021054A586182F8CA
:1045400023100020072298611A61704701207047EC
:1045500000ED00E0034610B530B301681420134AA3
:104560000A44B2FBF0F292001A64114ADA630222A2
:1045700083F82120D3E901242243DC680868224320
:104580001C696FF30D1022435C6922439C6922432E
:10459000DC69224302430A6000200122986383F809
:1045A000200083F8212010BD0120FCE7F8FFFDBFAB
:1045B0000000024070B590F82040012C3DD001244D
:1045C00090F8215080F82040012DECB24FF000050A
:1045D00031D1022680F8216006688563356825F0B0
:1045E00001053560D0E90F56B4406C600468636023
:1045F000D0E90034102C0BBF9A60996003680368FF
:104600000CBFD960DA60C26A036852B11A6842F01E
:104610000E021A6002680020136843F00103136061
:1046200070BD1A6822F004021A600268136843F031
:104630000A031360EEE780F820500220F0E7000044
:10464000114AD36813F0100305D01049CB6943F029
:104650000203CB611023D268500706D50B4943F003
:104660000403CA6942F00102CA61074AD169C90755
:1046700008D50648C16941F00401C161D16921F042
:104680000101D161D360704700200240900F0020EB
:10469000064B186910F0800007D0054A5A6002F1F5
:1046A00088325A601869C0F3C01070470020024079
:1046B00023016745034A0020136943F08003136117
:1046C000704700BF0020024070B50546FFF714FB9D
:1046D0000646114CE368D80712D4E368990644BF34
:1046E0002023E360E368DA0606D4E369DB0703D43A
:1046F000E06810F0040007D0FFF7A2FF012003E0FC
:104700006B1CE7D00DB9032070BDFFF7F5FA801BD5
:10471000A842DFD9F7E700BF002002402DE9F84F9B
:10472000DFF894A01F469AF818300546012B8846FA
:1047300091463FD001234CF250308AF81830FFF7F1
:10474000C3FF90BB012D03D0022D14BF0425022509
:1047500000263346DFF864B03401C4F12001A4F12F
:10476000200207FA01F129FA04F4CAF81C300C43BC
:1047700027FA02F21443DBF81020A4B242F001023F
:10478000CBF810204CF2503028F81640FFF79CFF71
:10479000DBF8102022F00102CBF8102028B90136F6
:1047A000F2B295424FF00003D6D800238AF81830B1
:1047B000BDE8F88F0220FBE7900F002000200240A8
:1047C0000022064BDA61064B1A6942F002021A61B6
:1047D00058611A6942F040021A617047900F002038
:1047E000002002402DE9F041264F05463B7E8846D9
:1047F000012B44D001243C7603684CF25030022B4C
:104800001AD1FFF761FF20B1012000233B76BDE8FC
:10481000F0811D4CF86123694CF2503043F00403E1
:104820002361236943F040032361FFF74DFF2369B0
:1048300023F004032361E8E7FFF746FF0028E3D1F4
:104840004FF0FF33C8F800302046AE680E4CD5E973
:10485000023203EB8223B342D7D93046FFF7B0FFD1
:104860004CF25030FFF730FF236923F0020323613D
:1048700010B1C8F80060C8E706F58066E7E70220D7
:10488000C5E700BF900F0020002002402DE9F74F40
:1048900000224FF0010E15460F27784E784B00F19D
:1048A000040CD1F8008038FA05F402D103B0BDE859
:1048B000F08F0EFA05F908EA090439EA080840F011
:1048C0009E80D1F80480B8F1030F09D808F1FF38B1
:1048D000B8F1020F00F2A780DFE808F0B8BDC3000E
:1048E000B8F1120F00F0BA8000F28B80B8F1110F0E
:1048F00000F0AE80FF2C94BF8246E2464FEA850866
:1049000088BFA8F12008DAF8009007FA08FB29EA26
:104910000B0902FA08F849EA0809CAF80090D1F828
:10492000048018F0805F6AD0D6F8188025F003095B
:1049300048F00108C6F81880D6F8188009F18049B7
:1049400008F00108CDF8048009F5803905F0030A64
:10495000DDF804804FEA8A0AD9F808B007FA0AF8A5
:104960002BEA080BDFF81C8140457ED008F58068F3
:1049700040457DD008F5806840457CD008F58068CA
:10498000404514BF4FF004084FF0030808FA0AF836
:1049900048EA0B08C9F80880D1F8048018F4801F91
:1049A000D3F8088014BF48EA040828EA0408C3F8CA
:1049B0000880D1F8048018F4001FD3F80C8014BFCD
:1049C00048EA040828EA0408C3F80C80D1F80480F7
:1049D00018F4003FD3F8048014BF48EA040828EA1A
:1049E0000408C3F80480D1F8048018F4803FD3F899
:1049F000008014BF48EA040428EA04041C6001355E
:104A00004FE7DFF884A0D0450DD018D8AAF5801A5A
:104A1000D04508D00AF5702AD04504D0AAF5801AEE
:104A2000D0457FF467AF8A68EAB1012A08BFC0F8B1
:104A300010904FF0080218BFC0F814905AE7DFF842
:104A40004CA0D045EFD00AF5803AE9E7CA6851E7B3
:104A5000CA6804324EE7CA6808324BE7CA680C32AB
:104A600048E7002246E7042244E74FF000088DE7BC
:104A70004FF001088AE74FF0020887E70010024074
:104A80000004014000080140000022100000311025
:104A90000AB1016170470904FBE7C36801EA030238
:104AA00021EA030141EA02410161704770B5044601
:104AB00030B34CF6CC42036841F23C361A6045F202
:104AC000555203681A60D0E900325A600368826860
:104AD0009A60FFF711F905462268D06810F00300CC
:104AE00003D14AF6AA23136070BDFFF705F9401BF6
:104AF000B042F1D92368DB689B07EDD00320F3E7D0
:104B00000120F1E74AF6AA22036800201A607047E4
:104B10002DE9F341044638B30368DB0710D423685A
:104B20009F0759D42368190700F1908023685A071A
:104B300000F1BC80E369002B40F0248100202BE0D1
:104B40008C4D6B6803F00C03042B07D06B6803F0EB
:104B50000C03082B0AD16B68DE0307D52B689D0375
:104B6000DDD56368002BDAD1012015E06368B3F569
:104B7000803F14D12B6843F480332B606368FBB112
:104B8000FFF7BAF806462B689803C8D4FFF7B4F8C5
:104B9000801B6428F7D9032002B0BDE8F0813BB93F
:104BA0002B6823F480332B602B6823F48023E4E705
:104BB000B3F5A02F2B68F4D143F480232B60D9E701
:104BC000FFF79AF806462B689903A8D5FFF794F8E3
:104BD000801B6428F7D9DEE7664D6B6813F00C0F75
:104BE00007D06B6803F00C03082B10D16B68DA0355
:104BF0000DD42B689B0702D52369012BB4D12B68F8
:104C0000626923F0F80343EAC2032B608AE7226952
:104C1000594B6AB101221A60FFF76EF806462B68FD
:104C20009F07ECD4FFF768F8801B0228F7D9B2E79A
:104C30001A60FFF761F806462B6898077FF572AF98
:104C4000FFF75AF8801B0228F6D9A4E7A269494E5B
:104C5000494BE2B10122C3F88024FFF74DF8054625
:104C6000736A9B070DD54FF4FA52444B1B68B3FB94
:104C7000F2F3019300BF019B5A1E0192002BF9D160
:104C800054E7FFF739F8401B0228E9D983E7C3F856
:104C90008024FFF731F80546736A9F077FF546AF1A
:104CA000FFF72AF8401B0228F6D974E7314DEB696B
:104CB000D80027D40127EB6943F08053EB61EB69FF
:104CC00003F080530093009B2D4E3368D9051BD50C
:104CD000E368012B29D12B6A43F001032B62E368BF
:104CE000002B38D0FFF708F841F2883806462B6AC7
:104CF0009B072AD5002F3FF41DAFEB6923F08053AB
:104D0000EB6117E70027DFE7336843F48073336014
:104D1000FEF7F2FF80463368DA05D9D4FEF7ECFFE0
:104D2000A0EB08006428F6D935E73BB92B6A23F0DD
:104D300001032B622B6A23F00403CFE7052B2B6AB8
:104D4000F5D143F004032B62C5E7FEF7D5FF801BC6
:104D50004045CCD91FE7FEF7CFFF41F28838064621
:104D60002B6A9807C6D5FEF7C7FF801B4045F7D9C9
:104D700011E700BF0010024000004242080000207E
:104D8000007000402B4D6A6802F00C02082A3FD0E8
:104D90000022022B284B1A662DD1FEF7ADFF0646E6
:104DA0002B68990121D4236AB3F5803F05D16B6844
:104DB000A26823F4003313436B606A68D4E90831B6
:104DC00022F474120B43134301226B601A4B1A66D0
:104DD000FEF792FF04462B689A013FF5AFAEFEF74F
:104DE0008BFF001B0228F6D9D5E6FEF785FF801B56
:104DF0000228D5D9CFE6FEF77FFF04462B689B013A
:104E00007FF59CAEFEF778FF001B0228F6D9C2E6BC
:104E1000012B3FF4A9AE6868236A00F480329A42FD
:104E20007FF4A2AE636A00F47010C01A18BF0120AC
:104E3000B2E600BF00100240000042420D4A536833
:104E400003F00C01082912D10B48C3F38341DB03A3
:104E5000405C09D55368094AC3F340435043084AAC
:104E6000D35CB0FBF3F07047064B584370470348E0
:104E7000704700BF00100240668F000800127A00E1
:104E8000648F000800093D002DE9F0410D460446FD
:104E900010B90120BDE8F081464A136803F007030A
:104EA0008B422AD32368980732D42368DA0745D483
:104EB000404A136803F00703AB4267D823683E4DAE
:104EC00013F0040F6ED123681B0706D56B682269A7
:104ED00023F4605343EAC2036B60FFF7AFFF6B68D4
:104EE000364AC3F30313D35CD840354B1860354BB7
:104EF0001868FEF7C5FE0020CCE7136823F007030F
:104F00000B431360136803F007038B42C1D1C9E759
:104F100013F0040F284B1EBF5A6842F4E0625A6037
:104F20002268110742BF5A6842F460525A605A68B8
:104F3000A16822F0F0020A435A60B6E762681E4E8A
:104F4000012A33681AD113F4003FA2D0736841F2EA
:104F5000883823F0030313437360FEF7CDFE074642
:104F60007368626803F00C03B3EB820FA0D0FEF706
:104F7000C3FEC01B4045F3D903208BE7022A02D1B0
:104F800013F0007FE1E713F0020FDEE7136823F070
:104F900007032B431360136803F00703AB427FF44E
:104FA00078AF8BE76B68E26823F4E06313436B60D0
:104FB00089E700BF0020024000100240548F000823
:104FC0000800002010000020044B054A5B68C3F372
:104FD0000223D35C034A1068D84070470010024097
:104FE0004C8F000808000020044B054A5B68C3F39F
:104FF000C223D35C034A1068D840704700100240B7
:105000004C8F000808000020036A026A70B522F085
:1050100001020262446882690D6822F073022A4329
:105020008D6823F002032B430B4DA8420DD1056A76
:1050300023F0080325F004050562CD6824F44074CC
:105040002B43D1E9055635432C43446082614A68BD
:105050004263036270BD00BF002C0140036A026A14
:1050600070B522F4807202624468C2690D6822F051
:1050700073022A438D6823F4007343EA05230C4D21
:10508000A8420FD1056A23F4006325F48065056208
:10509000CD6824F4405443EA0523D1E9055635434D
:1050A00044EA05144460C2614A68C263036270BD89
:1050B000002C0140036A026A30B522F48052026279
:1050C0004468C2690D6822F4E64242EA05228D680E
:1050D00023F4005343EA0533064DA84202BF4D694D
:1050E00024F4804444EA85144460C2614A6802643E
:1050F000036230BD002C01407047000090F83D3045
:10510000012B1CD102230F4A80F83D3003689342E3
:105110000AD0B3F1804F07D0A2F59432934203D066
:1051200002F58062934204D19A6802F00702062ACF
:1051300003D01A6842F001021A6000207047012073
:10514000704700BF002C014090F83D30012B21D169
:105150000223026880F83D30D36843F00103D36036
:1051600003680D4A93420AD0B3F1804F07D0A2F5ED
:105170009432934203D002F58062934204D19A683C
:1051800002F00702062A03D01A6842F001021A60F0
:105190000020704701207047002C014070470346F3
:1051A00030B590F83E0093F83F2093F8425093F8C2
:1051B0004340C0B2D2B2EDB2E4B2C1B9012845D188
:1051C000012D13D1022283F83E2083F842201A6871
:1051D000116A21F001011162116A41F00101002000
:1051E00011621A68136843F00103136030BD04298B
:1051F00011D1012A2AD1012C28D1022283F83F2083
:1052000083F843201A68116A21F010011162116AB3
:1052100041F01001E3E7012818D1012AE6D1012D60
:10522000E4D1012CE2D1022283F83E2083F83F2012
:1052300083F8422083F843201A68116A21F00101A3
:105240001162116A41F001011162DBE70120CDE733
:10525000154A036890420AD0B0F1804F07D0A2F5FA
:105260009432904203D002F58062904207D14A689E
:1052700023F070031343CA6823F4407313434A694D
:1052800023F0800313438A68C2620A688262064A76
:10529000904204BF0A690263026842F0040202609D
:1052A0000122426103607047002C014010B50446A2
:1052B00030B390F83D3003F0FF021BB980F83C207A
:1052C000FFF71AFF0223206884F83D30211DFFF705
:1052D000BFFF0123002084F8463084F83E3084F874
:1052E0003F3084F8403084F8413084F8423084F80C
:1052F000433084F8443084F8453084F83D3010BDA4
:105300000120FCE710B5044630B390F83D3003F0BF
:10531000FF021BB980F83C20FFF740FF0223206802
:1053200084F83D30211DFFF793FF0123002084F80E
:10533000463084F83E3084F83F3084F8403084F8BA
:10534000413084F8423084F8433084F8443084F8A3
:10535000453084F83D3010BD0120FCE7036A026A45
:1053600070B522F010020262446882690D6822F46E
:10537000E64242EA05228D6823F0200343EA051342
:105380000C4DA8420FD1056A23F0800325F040059B
:105390000562CD6824F4406443EA0513D1E905565B
:1053A000354344EA8504446082614A68826303624B
:1053B00070BD00BF002C014038B590F83C30044669
:1053C000012B5BD00120082A84F83C0043D006D88A
:1053D000D2B1042A2CD0002384F83C3038BD0C2AEA
:1053E000F9D12068FFF766FE2268D36943F40063B1
:1053F000D3612268D36923F48063D3612268096989
:10540000D36943EA012337E02068FFF7FDFD2268F6
:10541000936943F0080393612268936923F00403BE
:1054200093612268096993690B4393610020D2E775
:105430002068FFF793FF2268936943F40063936148
:105440002268936923F480639361226809699369F0
:1054500043EA0123E9E72068FFF700FE2268D369E9
:1054600043F00803D3612268D36923F00403D361B6
:1054700022680969D3690B43D361D7E70220ADE7FE
:1054800010B50124036A01F01F018C4023EA0403D4
:105490000362036A8A401A43026210BD10B50446D3
:1054A00029B990F83E30012B1ED0012042E004299A
:1054B00007D190F83F30012BF7D1022380F83F301D
:1054C00015E008290CBF90F8403090F84130013BBE
:1054D00018BF0123002BE8D1022308290CBF84F850
:1054E000403084F8413002E0022380F83E3001224F
:1054F0002068FFF7C5FF23680F4A934202BF536C31
:1055000043F4004353642368934209D0B3F1804FBE
:1055100006D00A4A934203D002F58062934204D136
:105520009A6802F00702062A03D01A6842F00102C4
:105530001A60002010BD00BF002C01400004004094
:10554000FFF7ACBF38B50446002200680D46FFF7F0
:1055500097FF2368184A93420DD141F21112196A3C
:10556000114208D140F24442196A114202BF5A6CFA
:1055700022F400425A6441F211122368196A11425E
:1055800008D140F24442196A114202BF1A6822F05F
:1055900001021A6001231DB984F83E30002038BD95
:1055A000042D02D184F83F30F8E7082D0CBF84F8B1
:1055B000403084F84130F1E7002C0140FFF7C2BFD2
:1055C00010B50424036A01F00F018C4023EA0403A0
:1055D0000362036A8A401A43026210BD10B5044692
:1055E00029B990F84230012B1DD0012040E0042958
:1055F00007D190F84330012BF7D1022380F84330D4
:1056000014E0082907D190F84430012BEDD1022392
:1056100080F844300AE090F84530012BE5D10223B0
:1056200080F8453002E0022380F8423004222068EE
:10563000FFF7C6FF2268536C43F4004353642368AA
:105640000C4A93420AD0B3F1804F07D0A2F59432AE
:10565000934203D002F58062934204D19A6802F02B
:105660000702062A03D01A6842F001021A600020DD
:1056700010BD00BF002C014038B504460022006870
:105680000D46FFF79DFF41F211122368196A11427E
:1056900008D140F24442196A114202BF5A6C22F406
:1056A00000425A6441F211122368196A114208D16A
:1056B00040F24442196A114202BF1A6822F0010204
:1056C0001A6001231DB984F84230002038BD042D32
:1056D00002D184F84330F8E7082D0CBF84F8443039
:1056E00084F84530F1E7FFF779BFFFF7C5BF90F8C1
:1056F0003C300246012B21D0012380F83C30CB689E
:10570000886823F440730343486823F480630343A9
:10571000086823F400630343086923F480530343B8
:10572000486923F4005303430020C96923F48043EC
:105730000B4311684B6482F83C00704702207047AD
:10574000026802F10C0353E8003F23F490730C321B
:1057500042E800310029F3D1026802F1140353E852
:10576000003F23F00103143242E800310029F3D155
:10577000036B012B0BD1026802F10C0353E8003FCD
:1057800023F010030C3242E800310029F3D120232A
:1057900080F84230002303637047000010B50446D0
:1057A0000268C168136923F440530B431361016815
:1057B00083680069CA680343606922F4B05222F02A
:1057C0000C0203431343CB602268A169536923F49D
:1057D00040730B43536122680D4B9A4215D1FFF77A
:1057E00003FC19234343626820689200B3FBF2F381
:1057F0006422B3FBF2F102FB11331B013233B3FB22
:10580000F2F303EB0113836010BDFFF7DDFBE8E764
:1058100000380140F7B505460C4617461E462A6873
:10582000136834EA030301D1002021E0701CF7D093
:10583000FEF762FAC01B86421CD3DEB12B68DA6821
:105840005107ECD5802CEAD0402CE8D01A6812071A
:10585000E5D5002401941A68284601925B680193FB
:10586000019BFFF76DFF082301206B6485F8404022
:1058700003B0F0BD0320FBE7704710B5044658B3F2
:1058800090F8413003F0FF021BB980F84020FFF789
:10589000F3FF2423226884F84130D368204623F4A0
:1058A0000053D360FFF77AFF22680020136923F4C6
:1058B000904313612268536923F02A0353612268DD
:1058C000D36843F40053D3602023606484F84130EC
:1058D00084F84230606310BD0120FCE72DE9F843F5
:1058E000984690F841300446202B0E4617463FD18B
:1058F00000293FD0002A3DD021230025456480F8AF
:105900004130FEF7F9F9A3688146B3F5805FA784BB
:10591000E78403D123690BB935461E46E38C9BB25D
:1059200053B943464A4640212046FFF773FF2023E0
:1059300050B984F841300AE043464A468021204667
:10594000FFF768FF28B12023032084F84130BDE829
:10595000F88322684EB935F8023BC3F3080353605D
:10596000E18C013989B2E184D8E716F8013BF6E70A
:105970000220ECE70120EAE7F8B5204B204C064670
:105980001D6820680F46043001F021F840B92268F4
:105990001C49D06A01220B68824023EA02030B6093
:1059A000731C13D197B1184B21685A688A609068AC
:1059B0002168C86021680431416021680431916028
:1059C000226853611A6801321A60F8BD2368AD1964
:1059D0005D6007D30D4B18682168BDE8F8400431BD
:1059E00000F0DEBF0A4B18682168043100F0D8FFD0
:1059F000084B1A68AA4288BF1D60E6E7D40F002052
:105A00008C110020D00F0020DC0F00201C10002083
:105A100020100020B80F0020064A13681968064BB2
:105A200019B94FF0FF321A6070471268D2681268D5
:105A3000F9E700BF20100020B80F002080B5154CFA
:105A4000154F164E236873B9154B1B68012BF8D9F7
:105A50004FF0E0234FF08052C3F8042DBFF34F8F77
:105A6000BFF36F8FEDE701F045FAFB68DD68281D95
:105A700000F0ADFF3368013B33602368013B2360D6
:105A800001F048FA286B01F0C3F9284601F0C0F98B
:105A9000D8E700BFF00F0020F40F0020D80F00203F
:105AA0004C1000202DE9F0479600074630460D4681
:105AB0009846DDF8249001F02BF9824618B94FF092
:105AC000FF30BDE8F0875C2001F022F90446002891
:105AD00000F0AC805C22002101F0ACFD3246A52133
:105AE0005046C4F830A001F0A5FD236B043E1E44CF
:105AF00026F007066DB16B1E04F133020F3513F863
:105B0000011F02F8011F09B1AB42F8D1002384F84C
:105B10004330089D04F1040A0F2D28BF0F2550467D
:105B2000E562E56400F039FFC5F1100504F11800E5
:105B300000F033FF4246394630462461A561646275
:105B400001F0AEF92060B9F1000F01D0C9F80040B2
:105B500001F0D0F9374B384E1A68384F01321A60CD
:105B60003568002D57D134601B68012B1FD1B84612
:105B70004046013500F006FF102D08F11408F7D15A
:105B8000DFF8BC802F4D404600F0FCFE284600F0B8
:105B9000F9FE2D4800F0F6FE2C4800F0F3FE2C48EC
:105BA00000F0F0FE2B4BC3F800802B4B1D602B4AFE
:105BB0002B49136808680133636413600123E26AA8
:105BC000934003430B60142101FB02725368A360EE
:105BD0009A68E260C2F804A0C3F808A0E36A4B43E5
:105BE000FA186261FA580132FA5001F093F91D4B2C
:105BF0001B6873B13368DA6AE36A9A4209D24FF0DC
:105C0000E0234FF08052C3F8042DBFF34F8FBFF352
:105C10006F8F012055E7134B1B68002BC7D13368EA
:105C2000DA6AE36A9A4298BF3460C0E7504601F0EE
:105C3000EFF844E7D80F00208C1100204C10002012
:105C4000381000202410002008100020F40F00203D
:105C5000DC0F0020201000201C100020BC0F0020B2
:105C6000D00F0020CC0F002013B50024124B80224F
:105C700001931249234612480094FFF713FF0128AD
:105C800015D101F003F8012811D14FF0500383F32F
:105C90001188BFF36F8FBFF34F8F4FF0FF32094B67
:105CA0001A60094B1860094B1C6001F08BF9084B16
:105CB0001B6802B010BD00BFB40F0020DD8C0008CF
:105CC0003D5A0008B80F0020CC0F0020D40F002050
:105CD000788F0008024A136801331360704700BFD1
:105CE000B00F0020014B1868704700BFD40F002090
:105CF0002DE9F84F564B1B68002B40F0A380554B05
:105D00001C6801341C605CB9534A544B1168186814
:105D10001060534A1960136801331360FFF77CFE6B
:105D2000504D00222B6850499C42DFF840810BD334
:105D300096461426DFF820C14D4FDCF800301B6872
:105D40009BB94FF0FF332B601420D8F80030DB6A8A
:105D50004343C858474B1B68012898BF002B14BF0A
:105D6000012000201043BDE8F88FDCF80030DB682C
:105D7000DB685868844201D22860E5E7D3F814A0B4
:105D8000D3E90290C9F80800D3F80890C0F804904D
:105D9000DAF8040003F10409484504BFD868CAF8DA
:105DA0000400C3F814E0DAF800000138CAF8000073
:105DB000D3F828A0BAF1000F17D0D3E907B0CBF879
:105DC0000800D3F81CB0C0F804B0DAF8040003F1FE
:105DD000180B584504BF186ACAF80400C3F828E035
:105DE000DAF800000138CAF800004FF0010AD86A5A
:105DF000D7F800B00AFA00FA06FB001040684AEA39
:105E00000B0A9860C7F800A0D0F808A0C3F80CA04F
:105E1000CAF80490C0F80890D86A704301EB0009F2
:105E2000C3F8149051F8009009F1010941F800906D
:105E3000D8F80090D86AD9F82C30984288BF42F040
:105E400001027AE70C4A00201368013313608AE7E5
:105E5000B00F0020D40F0020201000201C100020C4
:105E6000C00F0020B80F00204C1000208C11002023
:105E7000D00F0020C40F0020C80F00202DE9F84FDC
:105E800001F038F84E4B1A68013A1A601B682BB1C2
:105E9000002401F03FF82046BDE8F88F494A126817
:105EA000002AF5D098469E46012514264648474CC0
:105EB0004749DFF820C1484F5EE0C368DB68D3F88C
:105EC0002890D3E907A2CAF80820D3F81CA0C2F88A
:105ED00004A0D9F8042003F1180A524504BF1A6A35
:105EE000C9F80420C3F82880D9F80020013AC9F87D
:105EF0000020D3F81490D3E902A2CAF80820D3F8FE
:105F000008A0C2F804A0D9F8042003F1040A5245FD
:105F100004BFDA68C9F80420C3F814E0D9F80020F7
:105F2000013AC9F80020DA6AD4F800B005FA02F99B
:105F300006FB0212526849EA0B099A60C4F8009005
:105F4000D2F80890C3F80C90C9F804A0C2F808A0D1
:105F5000DA6A724302EB0109C3F8149051F8029017
:105F600009F1010941F80290DCF80020D3F82C90E7
:105F7000D26A914500D33D600268002A9DD10BB1E1
:105F8000FFF74AFD154D2C6844B10127124EFFF76B
:105F9000AFFE00B13760013CF9D12C600E4B1B689D
:105FA000002B3FF475AF4FF0E0234FF08052C3F861
:105FB000042DBFF34F8FBFF36F8F012469E700BF3C
:105FC000B00F0020D80F002008100020D00F0020B4
:105FD0004C1000208C110020C40F0020C80F00209E
:105FE00010B5FFF777FE124B04681A6863182CBFD0
:105FF00001210021944211D989B900240360FFF7DF
:106000003DFF48B94FF0E0234FF08052C3F8042D14
:10601000BFF34F8FBFF36F8F204610BD09B99A426F
:10602000EBD203600021981AFFF7A6FC0124E6E7F3
:10603000D40F002008B550B94FF0E0234FF0805244
:10604000C3F8042DBFF34F8FBFF36F8F08BD00213E
:10605000FFF740FEFFF790FCFFF710FF0028EBD0A2
:10606000F4E7000010B51B4B1A681B4B12B101225C
:106070001A6010BD194C1A6023681B6B1A68B2F1C4
:10608000A53F0BD15A68B2F1A53F07D19A68B2F18A
:10609000A53F03D1DB68B3F1A53F04D02068216898
:1060A0003431FBF7C4F90E4B1B68B3FA83F31422A7
:1060B000DBB2C3F11F0353430A48C1184A680833CF
:1060C000526803444A609A4204BF52684A60D368E7
:1060D0002360CEE7B00F0020C40F00208C110020F9
:1060E000D00F00204C10002010B50C46054B19684D
:1060F000183100F055FC2046BDE810400121FFF7A3
:106100003BBC00BF8C11002070B40F4B44681D686D
:10611000002AEC61A6681D682E621D6805F118054D
:1061200075601D681B6805F11805A5609862036815
:1061300003F10103036070BC0CBF08464FF0FF3051
:106140001146FFF719BC00BF8C11002030B5C368A1
:10615000DB689A6AD3E907018160D86948605168B1
:1061600003F11800814204BF196A5160002199624D
:10617000116801391160224A1268002A33D1D3E92B
:1061800002015A69816098681C1D48605168A142EB
:1061900004BFD9685160002159611168013911604B
:1061A00001221849D86A0D6882402A4314250A60E2
:1061B000154905FB001042689A609068D8604460F9
:1061C0009460DA6A6A4350185861885801308850E0
:1061D0000E4A1168DA6ACB6A9A4285BF01200C4BDD
:1061E0000020186030BD0B4A5168D9618C681C6270
:1061F0006060886011689A6201311160E8E700BF51
:10620000B00F0020D00F00204C1000208C11002077
:10621000C40F002008100020034B1B680360034BD1
:106220001B684360704700BFC00F0020D40F0020E0
:1062300070B50D46044600F05DFE0F4B19682B68E3
:106240005A1C17D00D48266800686268864208D03C
:106250008A4206D8002301242B6000F05BFE204612
:1062600070BD881A8342F5D95B1A134420462B600F
:10627000FFF7D2FF0024F0E7D40F0020C00F00206A
:106280000122014B1A607047C40F0020F8B5044684
:1062900000283AD0234DC36A2A68D26A934239D281
:1062A0008269214E002AA1BF2A68D26AC2F1100277
:1062B0008261142202FB036342699A4226D1071DC0
:1062C000384600F084FB194930B90122E06A0B68B6
:1062D000824023EA02030B6001222B680868DB6A14
:1062E0009A4002430A601422E36202FB03635B6884
:1062F000A3609968E1604F609F60E36A5343F218BE
:106300006261F2580132F2500120F8BD2B68DB6A5D
:10631000C362F9E72B68C06CDB6A98422CBF00208F
:106320000120F2E78C1100204C100020D00F00203B
:1063300070B5044608B9002070BD036DC16AC26C17
:10634000013B91420365F6D0002BF4D1051D284690
:1063500000F03DFB124A30B90121E06A1368814028
:1063600023EA010313600120E36C1668C3F11001F6
:10637000A16100FA03F1314311601421094AE3627B
:1063800001FB03235B68A3609E68E66075609D6007
:10639000E36A4B4399186161D1580144D150CBE76E
:1063A000D00F00204C10002070B50446002838D0D3
:1063B000C36C994238BF1946C36A8B4231D0026D13
:1063C000012A2ED18269174D002A4FF0140202FBD8
:1063D00003534269C162A4BFC1F1100181619A42B5
:1063E0001FD1061D304600F0F2FA0121E36A0E4A81
:1063F000994018B9106820EA010010601068014344
:106400001160142202FB03535B68A3609968E1608A
:106410004E609E60E36A5343EA186261EA580132B3
:10642000EA5070BD4C100020D00F0020044B1A68B9
:106430001AB119680A6D01320A651868704700BF01
:106440008C11002010B5044600F054FDA46B00F040
:1064500061FDB4FA84F0400910BD70B51646026CB7
:106460000446856B42B906689EB98068FFF760FFF5
:10647000A6600135A56370BD6EB9406801F026F9CC
:106480006368226C1344A2686360934224BF23684C
:1064900063600020EDE7C06801F018F9226CE36842
:1064A00051429B1A2268E36093423EBFA3685B1887
:1064B000E360022EEDD10DB1013DEAE72846D8E7B1
:1064C00003461A6C084610B45AB1DC68A1189C68DF
:1064D000D960A14228BF196810BC28BFD96001F05B
:1064E000F5B810BC704770B5044600F003FD94F891
:1064F000455004F124066DB2002D01DD636AB3B985
:10650000FF2384F8453000F005FD00F0F3FC94F81B
:10651000445004F110066DB2002D01DD23697BB9F2
:10652000FF2384F84430BDE8704000F0F3BC3046EF
:10653000FFF70CFE08B1FFF7A3FE013D6DB2DBE7EC
:106540003046FFF703FE08B1FFF79AFE013D6DB23A
:10655000E2E770B50E46044610B3C06B00B3236C7F
:10656000A3FB0035DDB900F0C5FCD4E90F314B4386
:106570002268A563D0185B1A62601A44FF23A060EA
:1065800084F84430E26084F8453056B104F11000DC
:1065900000F0F8F904F1240000F0F4F912E0002012
:1065A00070BD236973B104F11000FFF7CFFD48B14E
:1065B0004FF0E0234FF08052C3F8042DBFF34F8F0C
:1065C000BFF36F8F00F0A6FC0120E9E7F8B50D4698
:1065D0001746064610B900242046F8BDA1FB00234B
:1065E000002BF8D1484310F1510FF4D8503000F08F
:1065F0008FFB04460028EED05DB100F1500301216D
:106600002046C4E90F652360FFF7A3FF84F84C70B0
:10661000E2E70346F3E72DE9FF41002704460E4673
:106620001D46B846019200F065FCA26BE36B9A42EE
:106630001BD22A4631462046FFF70FFF636A1BB183
:1066400004F12400FFF782FD48B14FF0E0234FF042
:106650008052C3F8042DBFF34F8FBFF36F8F00F04C
:1066600059FC012004B0BDE8F081022DE1D0019B6E
:106670001BB900F04FFC0020F4E717B902A8FFF7A0
:10668000CBFD00F047FCFFF725FB00F033FC94F84E
:106690004430FF2B08BF84F8448094F84530FF2B2A
:1066A00008BF84F8458000F035FC01A902A8FFF777
:1066B000BFFD38BB00F01EFCA26BE36B9A420ED10B
:1066C00000F028FC019904F11000FFF70DFD2046B1
:1066D000FFF709FFFFF7D2FB48B10127A3E700F05E
:1066E00019FC2046FFF7FFFEFFF7C8FBF5E74FF068
:1066F000E0234FF08052C3F8042DBFF34F8FBFF358
:106700006F8FEAE72046FFF7EEFEFFF7B7FBB2E731
:10671000024610B500210120FFF758FF044638B1AA
:1067200000231A46194683600360C360FFF773FFB6
:10673000204610BD2DE9FF41002704460E46B8460D
:10674000019200F0D7FBA56BE5B131462046013D33
:10675000FFF7B6FEA563236973B104F11000FFF7DC
:10676000F5FC48B14FF0E0234FF08052C3F8042D00
:10677000BFF34F8FBFF36F8F00F0CCFB012004B04D
:10678000BDE8F081019B1BB900F0C4FB0020F6E7D7
:1067900017B902A8FFF740FD00F0BCFBFFF79AFA1B
:1067A00000F0A8FB94F84430FF2B08BF84F8448025
:1067B00094F84530FF2B08BF84F8458000F0AAFB11
:1067C00001A902A8FFF734FD00BB2046FFF73AFEFF
:1067D000B0B1019904F12400FFF786FC2046FFF7D1
:1067E00082FEFFF74BFB48B94FF0E0234FF0805299
:1067F000C3F8042DBFF34F8FBFF36F8F0127A0E7BE
:106800002046FFF770FEFFF739FBF7E72046FFF75A
:106810006AFEFFF733FB2046FFF714FE0028EDD099
:10682000B4E7F0B5002504462F462E4685B0019109
:1068300000F060FBA36BE3B1013BA363236813B9D2
:10684000FFF7F4FDA060236973B104F11000FFF7B6
:106850007DFC48B14FF0E0234FF08052C3F8042D87
:10686000BFF34F8FBFF36F8F00F054FB012005B0D3
:10687000F0BD019B1BB900F04DFB0020F7E717B9F5
:1068800002A8FFF7C9FC00F045FBFFF723FA00F070
:1068900031FB94F84430FF2B08BF84F8446094F82F
:1068A0004530FF2B08BF84F8456000F033FB01A999
:1068B00002A8FFF7BDFC50BB2046FFF7C3FD00B3A5
:1068C00023683BB900F016FBA068FFF7DFFC054624
:1068D00000F020FB019904F12400FFF705FC20469D
:1068E000FFF701FEFFF7CAFA48B94FF0E0234FF077
:1068F0008052C3F8042DBFF34F8FBFF36F8F012772
:1069000096E72046FFF7EFFDFFF7B8FAF7E72046D6
:10691000FFF7E9FDFFF7B2FA2046FFF793FD0028E5
:10692000EDD0002DA9D000F0E5FA616A19B1236B12
:106930001968C1F11001A068FFF736FD9BE770B53B
:1069400004460D46164600F0D5FA94F84430FF2B65
:1069500004BF002384F8443094F84530FF2B04BF73
:10696000002384F8453000F0D5FAA36B2BB93246EA
:10697000294604F12400FFF7C7FB2046BDE870401C
:10698000FFF7B1BD4FF0FF3200F10803C0E9022369
:106990004360036100230360704700230361704775
:1069A00030B50C68631C0AD103695A684A6091606B
:1069B0008B605960086103680133036030BD00F1EA
:1069C0000802134652681568A542FAD9EDE7036933
:1069D000D0E901128A60416851605A68824204BF5E
:1069E00082685A60002202611A68013A1A601868C7
:1069F00070470000914208B5416000610AD8D21A80
:106A000083699A420DD2084B011D1868FFF7C8FF31
:106A1000002008BD9A4201D2994202D2034B011DC7
:106A2000F3E70120F5E700BF9C110020A011002032
:106A300070B504460D461646A1692B4632462046DF
:106A40002944FFF7D7FF00B970BDA36920461D4454
:106A5000236A9847F0E7000070B50E4B05461B68A7
:106A60000E46DB68DC68201DFFF7B1FF94F8283084
:106A70005A0709D5324629462046FFF7D9FF204656
:106A8000236ABDE87040184723F0010384F82830DA
:106A9000F5E700BFA011002010B5084C23681A6864
:106AA00022B9074A11681360216010BDDB684FF0FE
:106AB000FF311868FFF7D0FFF0E700BFA0110020FA
:106AC0009C110020F8B50D4C00F014FA25688DB922
:106AD0000B4F0C4E3846FFF755FF3046FFF752FF7D
:106AE000094B2A461F60094B10210A201E60FFF740
:106AF0006DFD2060BDE8F84000F00CBA9811002050
:106B0000B8110020A4110020A01100209C11002029
:106B10002DE9F043594F5A4E85B03B68D3F80090A9
:106B2000B9F1000F2BD00025DB68D3F80090FFF7F8
:106B3000D1F8FFF7D7F8336804469842DFF844816C
:106B40001FD33060002D44D04F4B1B681D68B5FA31
:106B500085F56D092A46D8F80000A9EB0401FFF776
:106B6000EEFEFFF78BF988B94FF0E0234FF080522B
:106B7000C3F8042DBFF34F8FBFF36F8F06E00125DD
:106B8000D5E7FFF789FF3460FFF778F900226946FF
:106B9000D8F80000FFF7CEFD0028BED0009B029879
:106BA000002B1FDB029C63691BBBFFF79BF833685C
:106BB0000546984201D2FFF76FFF009B3560013B0D
:106BC000082BE3D8DFE803F019193C435219193CAC
:106BD00043008145BED8FFF751F921464846FFF7EB
:106BE0003BFFD3E7019B03999847009B002BCDDB2C
:106BF000D8E7201DFFF7EBFED7E794F82830A1690E
:106C000043F0010384F82830019B2A4620461944AA
:106C1000FFF7F0FE0028B9D094F8283059070AD5BC
:106C2000A36901992A4620461944FFF701FF20462F
:106C3000236A9847AAE723F0010384F82830F6E78F
:106C400094F8283023F0010384F828309EE794F864
:106C50002830019943F0010384F82830A1612B46C4
:106C60002A4620462944FFF7C5FE8FE794F82830CE
:106C70009A07E7D4204600F0CBF887E7A011002060
:106C800090110020981100209C11002007B5FFF7FB
:106C900019FF084B186850B1074B4FF480720193ED
:106CA00003230649009306480023FEF7FBFE03B0CA
:106CB0005DF804FB9811002094110020E28C00087C
:106CC000116B000810B5104B1A461B688342FBD3AA
:106CD00054681119884201BF416810460919516072
:106CE000446801198B420DD1084909688B4204D0D0
:106CF0005B6823444360136819689042016018BFC1
:106D0000106010BD1946F8E7E0110020DC110020EA
:106D1000F8B50446FEF7DEFF37490B68F3B9374A8A
:106D2000374D53071FBFD01D20F0070002F520523A
:106D3000131A0CBF4FF42053024600201344083BA3
:106D400023F0070368602A60C3E90000981AC2E9CB
:106D500000300B602B4B18602B4B186064B104F0B3
:106D60000703A3F11102A24206D304F1100EAEEB09
:106D7000030CBCF1000F06DCFFF780F80026FAF7E1
:106D80005BFB3046F8BD204F3D686545F4D31C4A97
:106D900014686068604501D2206848BB0968A14258
:106DA000EAD02168166811606268A3EB0E031344F1
:106DB000102B06F1080606D904EB0C004360C4F85A
:106DC00004C0FFF77FFF002362680E49AD1A42F04E
:106DD000004262600D4A086823601368854203F12F
:106DE00001033D6038BF0D601360FFF747F8C8E747
:106DF00022460446CDE700BFDC110020E811002048
:106E0000E0110020D4110020D8110020D011002062
:106E100010B50446F0B150F8043C002B1ADA50F8D3
:106E2000082CBAB923F0004340F8043CFEF752FFA7
:106E3000094A54F8043C1168A4F108000B4413609B
:106E4000FFF740FF054A136801331360BDE81040A7
:106E5000FFF714B810BD00BFD8110020CC110020DE
:106E6000002382B001934FF0500383F31188BFF3E6
:106E70006F8FBFF34F8F019B002BFCD002B0704788
:106E800006480068006880F3088862B661B6BFF300
:106E90004F8FBFF36F8F00DF00BF000008ED00E0F1
:106EA0004FF0807340F8043C054B21F0010140F89D
:106EB000081C40F80C3C40F8202C4038704700BFBC
:106EC000616E0008000000000000000000000000EB
:106ED000074B19680868B0E8F00F80F30988BFF322
:106EE0006F8F4FF0000080F311884EF00D0E704749
:106EF0008C1100204FF0500383F31188BFF36F8F84
:106F0000BFF34F8F024A136801331360704700BF0D
:106F100014000020034A1368013B13600BB983F38C
:106F200011887047140000200000000000000000DD
:106F3000EFF30980BFF36F8F0D4B1A6820E9F00F54
:106F400010602DE908404FF0500080F31188FFF7E2
:106F500089F84FF0000080F31188BDE808401968F7
:106F60000868B0E8F00F80F30988BFF36F8F7047AF
:106F70008C11002008B54FF0500383F31188BFF344
:106F80006F8FBFF34F8FFEF7B3FE28B14FF0E023B2
:106F90004FF08052C3F8042D002383F3118808BDFD
:106FA0004FF0E02200234FF47A7113619361044B98
:106FB0001B68B3FBF1F3013B536107231361704777
:106FC0000800002013B51F4B1A78D2B20192FF229D
:106FD0001A701B78DBB28DF803309DF8033007235D
:106FE0009DF80320591E120624D4174A1B0203F4ED
:106FF000E0631360019B134ADBB213704FF0E02390
:107000000024D3F8202D42F47002C3F8202DD3F8C9
:10701000202D42F07042C3F8202DFFF7C1FF0B4B2B
:107020001C60FFF72DFFFFF71DF82046FFF718FF44
:1070300002B010BD9DF803305B00DBB28DF8033069
:107040000B46CDE700E400E0E83900201400002002
:10705000FCF714FE0B480C490C4A002302E0D458FC
:10706000C4500433C4188C42F9D3094A094C002394
:1070700001E013600432A242FBD300F0F9FAFAF700
:107080000FF9704700000020680000208890000879
:1070900068000020383B0020FEE7000038B50446B9
:1070A00000F02AF8214605462046F9F7C1FC70B9E0
:1070B00020460021F9F7B2FC48B920460021F9F733
:1070C00085FC30B100F0CEFA2223074D036028463C
:1070D00038BD00F0C7FA2122034604481A60BDE813
:1070E000384000F005B800BF000080FF7C8F00082A
:1070F000004870470000C07F2DE9F84F30F0004392
:107100002BD000280146034640DBB0F1FF4F39DAAF
:10711000B0F5000F41DB0021804AC3F316052A4475
:10712000DC1502F400007F3C80F07E500C442843C4
:107130004FF07E5104EBD254F9F7AAF9784B05F1E0
:107140000F021340064683BB0021F9F73FFC0028DD
:1071500000F0A38044B9002004E000214FF04C402F
:10716000F9F754FBBDE8F88F2046F9F747FA6D4967
:107170000546F9F797FA6C4904462846F9F792FA5A
:1071800001462046F9F786F9BDE8F88FF9F780F94E
:107190000021F9F73BFBBDE8F88F4FF09841F9F774
:1071A00081FA6FF018010346B6E74FF08041F9F716
:1071B00071F901463046F9F729FB80462046F9F778
:1071C0001DFA414681464046F9F76CFA014682466F
:1071D000F9F768FA07465549F9F764FA5449F9F797
:1071E00059F93946F9F75EFA5249F9F753F9394630
:1071F000F9F758FA5049F9F74DF95146F9F752FAAB
:107200004E4982463846F9F74DFA4D49F9F742F9A9
:107210003946F9F747FA4B49F9F73CF93946F9F796
:1072200041FA01465046F9F735F9DFF81CB1074637
:10723000AB44C5F5571505F5227545EA0B05002D3C
:107240004CDD4FF07C513046F9F72CFA3146F9F716
:1072500029FA054638462946F9F71CF94146F9F757
:1072600021FA0746002C47D02E494846F9F71AFA6A
:107270002D4904464846F9F715FA3946F9F70AF94F
:1072800001462846F9F704F93146F9F701F90146B4
:107290002046F9F7FDF8BDE8F88F2C493046F9F79C
:1072A00001FA01464FF07C50F9F7F2F831460546F5
:1072B0003046F9F7F7F901462846F9F7F3F905469C
:1072C000ACB12046F9F79AF916490746F9F7EAF9F9
:1072D000044638461449F9F7E5F9D1E70146304646
:1072E000F9F7D6F84146F9F7DDF905466CB92946B4
:1072F0003046F9F7CDF835E701462846F9F7C8F8E2
:1073000001463046F9F7C4F82CE706494846F9F734
:10731000C9F9054904464846DDE700BF20FB4A009D
:10732000F0FF7F008071313FD1F717379788173E04
:1073300025333A3E2549923EABAA2A3F4FD01C3E08
:10734000298E633ECDCCCC3E305CCFFFABAAAA3EAB
:107350000A22002100F07AB8242B2DE9F047864656
:10736000904601D8012B06D100F07CF9162303606A
:107370000020BDE8F0870D4633482A4615F8014B3A
:10738000065D16F00806F8D12D2C10D101262C78B8
:10739000951C33F0100215D1302C0DD12A7802F053
:1073A000DF02582A08D16C78023510230AE02B2C12
:1073B00004BF2C78951CECE7002BF6D1302C14BFC1
:1073C0000A230823002206F1004C0CF1FF3CBCFB11
:1073D000F3F9104603FB19CAA4F13007092F0FD89F
:1073E0003C46A3421BDD571C07D0814514D301D175
:1073F000A24511DB012200FB034015F8014BEBE72E
:10740000A4F14107192F01D8373CEAE7A4F161073D
:10741000192F04D8573CE4E74FF0FF32EDE7531C37
:1074200008D122236046CEF80030B8F1000FA0D07A
:10743000691E06E006B14042B8F1000F99D0002A5B
:10744000F6D1C8F8001094E77E8F000813460A466C
:10745000014602480068FFF77FBF00BF1800002008
:107460002DE9F04386460D46334E284615F8014B6C
:10747000375D17F00807F8D12D2C10D101272C7893
:10748000851C33F0100015D1302C0DD1287800F078
:10749000DF00582808D16C78023510230AE02B2C25
:1074A00004BF2C78851CECE7002BF6D1302C14BFE0
:1074B0000A2308234FF0FF38B8FBF3F8002603FB3C
:1074C00008F930466FEA0909A4F1300CBCF1090F44
:1074D00010D86446A3421EDDB6F1FF3F07D08045B9
:1074E00016D301D1A14513DB012600FB034015F89B
:1074F000014BE9E7A4F1410CBCF1190F01D8373C6D
:10750000E8E7A4F1610CBCF1190F04D8573CE1E79E
:107510004FF0FF36EBE7731C06D122233046CEF83E
:10752000003032B9BDE8F08307B14042002AF9D0FB
:1075300006B1691E1160F5E77E8F000813460A4602
:10754000014602480068FFF78BBF00BF180000200B
:107550000CB430B5184B0C1E1D689DB008DA8B2397
:107560004FF0FF302B601DB0BDE8304002B07047D7
:107570004FF40273ADF814304FF000031B930CBFAF
:10758000234604F1FF33049307934FF6FF730290F1
:107590000690ADF81630284621AB209A02A9019337
:1075A00000F0F8F9431CBCBF8B232B60002CDAD011
:1075B0000022029B1A70D6E71800002030B514464E
:1075C000002C05461A469BB005DA8B2303604FF06A
:1075D000FF301BB030BD4FF40273ADF80C304FF0EC
:1075E000000319930CBF234604F1FF330293059364
:1075F0004FF6FF7300910491ADF80E3069461E9B63
:1076000000F0C8F9431CBCBF8B232B60002CE0D0DA
:107610000022009B1A70DCE707B5009313460A4668
:10762000014603480068FFF7C9FF03B05DF804FB9B
:107630001800002003460244934200D1704703F82B
:10764000011BF9E7024610B5147813460132002CED
:10765000FAD1013B11F8012B03F8012F002AF9D1CF
:1076600010BD0000014B1868704700BF18000020D3
:1076700070B500260C4D0D4B5B1B9C10A64209D12A
:10768000002600F091FC0A4D0A4B5B1B9C10A642A1
:1076900005D170BD55F8043B98470136EEE755F823
:1076A000043B98470136F2E70000000000000000AC
:1076B000000000000000000070477047034611F80A
:1076C000012B03F8012B002AF9D170470A4491429B
:1076D00000F1FF3300D1704710B511F8014B914212
:1076E00003F8014FF9D110BD38B50546002940D047
:1076F00051F8043C0C1F002BB8BFE41800F0DEF872
:107700001C4A136833B9636014602846BDE83840EA
:1077100000F0DAB8A34208D9206821188B4201BFD3
:1077200019685B6809182160EDE71A465B680BB1C0
:10773000A342FAD911685018A0420BD12068014425
:10774000501883421160E0D118685B6808441060EB
:107750005360DAE702D90C232B60D6E720682118A2
:107760008B4201BF19685B6809182160636054602F
:10777000CBE738BD303B002070B50F4E0C4631686A
:10778000054611B900F0AEFB30602146284600F0F6
:10779000A9FB431C03D14FF0FF34204670BDC41C2D
:1077A00024F00304A042F8D0211A284600F09AFBE6
:1077B0000130F2D1EFE700BF2C3B00202DE9F84368
:1077C000CD1C25F0030508350C2D38BF0C25002DE8
:1077D000064601DBA94204D90C2333600020BDE832
:1077E000F883DFF8D48000F069F8D8F800301C4640
:1077F00044BB29463046FFF7BFFF431C044658D11F
:10780000D8F800402746002F43D1002C4BD02368E6
:107810003946304604EB030900F064FB814542D150
:10782000216830466D1A2946FFF7A6FF01303AD08D
:1078300023682B442360D8F800305A6862BBC8F82C
:1078400000700FE02268521B20D40B2A17D961194F
:10785000A342256018BF5960636808BFC8F80010CC
:1078600062514B60304600F02FF804F10B00231DED
:1078700020F00700C21A1CBF1B1AA350AFE76268B2
:10788000A3420CBFC8F800205A60EBE723466468A7
:10789000AEE73C467F68B6E71A465B68A342FBD179
:1078A00000235360DEE70C233046336000F00CF811
:1078B00094E70560D6E700BF303B00200148FFF7A2
:1078C000FBBE00BF283B00200148FFF7F6BE00BF0B
:1078D000283B00202DE9F0471F468E688246BE42B5
:1078E0000C469046334653D8B1F90C0010F4906F13
:1078F0002BD065692368096905EB4505A3EB0109F0
:1079000005EBD5757B1C6D104B44AB422A4684BFFA
:107910001D462A46430527D511465046FFF74EFF20
:10792000064658B34A462169FFF7D0FEA38923F4DF
:10793000906343F08003A38126614E4426603B465A
:107940003E466561A5EB0905A5601F463A464146DE
:10795000206800F0ADFA0020A3689B1BA360236899
:107960003B442360BDE8F087504600F0D9FA064654
:107970000028E1D150462169FFF7B6FE0C23CAF872
:107980000030A3894FF0FF3043F04003A381E9E7C3
:107990003E46DBE72DE9F04F98468B8907461B06EC
:1079A0000D4614469DB010D50B6973B94021FFF701
:1079B00005FF2860286130B90C233B604FF0FF3091
:1079C0001DB0BDE8F08F40236B6100230993202395
:1079D0008DF8293030234FF00109CDF80C80DFF805
:1079E00098818DF82A3023469A4613F8012B0AB164
:1079F000252AF9D1BAEB040B0BD05B462246294667
:107A00003846FFF767FF013000F0A780099A5A4413
:107A100009929AF80030002B00F09F8000234FF06D
:107A2000FF32CDE905230AF1010A049307938DF88B
:107A300053301A935446052214F8011B4E4800F0A7
:107A400061FA049AD8B9D00644BF20238DF8533088
:107A5000110744BF2B238DF853309AF800302A2B9E
:107A600015D0544600204FF00A0C079A214611F811
:107A7000013B303B092B4BD9B0B1079214E0A0EB8E
:107A8000080309FA03F31343A2460493D2E7039BC6
:107A9000191D1B680391002BBBBF5B4242F0020221
:107AA00007930793B8BF049223782E2B0AD16378EB
:107AB0002A2B32D1039B02341A1D1B68039243EA1E
:107AC000E3730593DFF8B4A003225046217800F059
:107AD00019FA38B14022049BA0EB0A0082401343FC
:107AE0000134049314F8011B062225488DF8281050
:107AF00000F008FA002836D0224B1BBB039B07334B
:107B000023F0070308330393099B334409936AE77F
:107B10000C4601200CFB0232A8E700234FF00A0CB0
:107B2000194601340593204610F8012B303A092AF2
:107B300003D9002BC6D00591C4E7044601230CFBF2
:107B40000121F0E703AB00932A4638460E4B04A907
:107B5000AFF30080421C0646D6D1AB895B063FF5E9
:107B60002DAF09982CE703AB00932A463846064B05
:107B700004A900F07DF8EDE7EA8C0008F08C00081D
:107B8000F48C000800000000D57800082DE9F047CB
:107B9000164698468A680B6907469342B8BF134653
:107BA000336091F843200C46DDF820900AB1013390
:107BB00033602368990642BF336802333360256817
:107BC00015F0060506D104F1190AE36832689B1A1C
:107BD000AB422BDC94F843302268003B18BF0123F2
:107BE000920630D44146384604F14302C84701307A
:107BF00023D02368226903F00603042B14BF002559
:107C000033684FF0000608BFE56804F11A0408BFA6
:107C1000ED1A54F8123C08BF25EAE5759342C4BF3B
:107C20009B1AED18B5421AD1002008E001235246F4
:107C300041463846C847013003D14FF0FF30BDE818
:107C4000F0870135C1E73020E11881F843005A1C64
:107C500094F845102244023382F84310C2E701230E
:107C6000224641463846C8470130E6D00136D9E7BA
:107C70002DE9FF470F7E9146782F80460C469A46A5
:107C80000C9E01F1430207D8622F0AD8002F00F0A2
:107C9000D280582F00F0B78004F1420684F8427079
:107CA0003AE0A7F16303152BF6D801A151F823F0B0
:107CB000097D00081D7D0008997C0008997C00085A
:107CC000997C0008997C00081D7D0008997C0008BB
:107CD000997C0008997C0008997C00081D7E0008AA
:107CE000477D0008D37D0008997C0008997C000836
:107CF0003F7E0008997C0008477D0008997C0008B9
:107D0000997C0008DB7D000833681A1D1B6832600F
:107D100004F1420684F8423001239DE03368206874
:107D2000191D3160060601D51D6803E04506FBD527
:107D3000B3F90050002D03DA2D236D4284F843304F
:107D40000A23594810E021683368080653F8045B99
:107D500002D4490648BFADB26F2F5348336059D1A2
:107D60000823002184F843106668002EA66005DB16
:107D700021682E4321F0040121604DD01646B5FB49
:107D8000F3F103FB1157C75D06F8017D2F46BB4297
:107D90000D46F4D9082B0BD12368DF0708D52369DA
:107DA00061689942DEBF302306F8013C06F1FF36D8
:107DB000921B22614B4621464046CDF800A003AA03
:107DC000FFF7E4FE01304CD14FF0FF3004B0BDE8C6
:107DD000F087236843F0200323607827334884F832
:107DE0004570236831681F0651F8045B02D45F06B2
:107DF00048BFADB23160D90744BF43F020032360D0
:107E00001DB11023ADE72848E9E7236823F02003DC
:107E10002360F6E70A23A4E71646BBE73368256824
:107E2000181D616930602E061B6801D5196002E0DB
:107E30006806FBD51980002316462361BAE733682C
:107E400000211A1D32601E686268304600F05AF840
:107E500008B1801B606063682361002384F84330AD
:107E6000A8E73246494640462369D0470130ABD0A7
:107E700023689B0713D4E068039B9842B8BF184659
:107E8000A4E70123324649464046D04701309BD003
:107E90000135E36803995B1AAB42F2DCEBE700259E
:107EA00004F11906F5E700BFFB8C00080C8D0008F3
:107EB000884210B501EB020402D98442234607D858
:107EC000431EA14207D011F8012B03F8012FF8E758
:107ED0000244824200D110BD13F8011D02F8011DB9
:107EE000F7E7000038B50023054D044608462B602F
:107EF00000F04CF8431C02D12B6803B1236038BD5D
:107F0000243B0020034610B5C9B2024493421846F0
:107F100001D1002003E0047801338C42F6D110BD7A
:107F20002DE9F041074614460D4621B91146BDE83A
:107F3000F041FFF743BC2AB9FFF7D6FB2546284698
:107F4000BDE8F08100F01AF88442064602D8B4EB8E
:107F5000500FF4D821463846FFF730FC804608B968
:107F60004546ECE7B4422246294628BF3246FFF791
:107F7000ADFB29463846FFF7B7FBF1E751F8043C63
:107F8000181F002BBCBF0B58C0187047044A054986
:107F90001368002B08BF0B46184410601846704742
:107FA000343B0020383B0020F8B500BFF8BC08BCCB
:107FB0009E467047F8B500BFF8BC08BC9E467047A7
:107FC000E80300000000C041000040400000C04045
:107FD000B80B00000000003F0C022B3ECDCC04414A
:107FE00004000000CDCC4C3F9A99993F0000003F1F
:107FF0000AD7A33C000000000000FA4300007A44C6
:108000009A99993F0AD7A33D0AD7233C00803B4564
:108010000080BB4500000041000000000000003F60
:1080200000401C4600803B456666E6416666864128
:108030000000C0400000403F000040400000004001
:108040000000003F0000AA420000F042F4010000DE
:10805000536176656420736C6F7425642C20636FA4
:10806000756E743D256C7500464C41534800466161
:1080700063746F72792064656661756C7473206CCB
:108080006F61646564004C6F6164656420736C6F3C
:108090007425642C20636F756E743D256C75004EDD
:1080A0006F2076616C696420706172616D732C2041
:1080B0007573696E672064656661756C74730053CF
:1080C000706565644C6F6F7000506F734C6F6F70AC
:1080D0000043414E6F70656E0055617274434C49A8
:1080E000004D6F6E69746F7200447269766572201C
:1080F000696E697469616C697A6564004D4F544FAB
:1081000052004175746F20686F6D696E673A207315
:10811000706565643D256C64004D616E75616C2011
:108120007A65726F3A206F66667365743D256C647C
:10813000004661756C74207265736574204F4B0046
:1081400050524F54004553544F502100435249540C
:108150004943414C206572723D2564005265636F4E
:1081600076657261626C65206572723D25640057A8
:1081700041524E206572723D2564005374617465EE
:108180003A20256420E2869220256400534D000D9C
:108190000A3D3D3D3D3D3D3D3D3D3D3D3D3D3D3D42
:1081A0003D3D3D3D3D3D3D3D3D3D3D3D3D3D3D3DFF
:1081B0003D3D3D3D3D3D3D3D3D3D3D3D3D0D0A008F
:1081C00020204443204D6F746F722044726976659D
:1081D0007220434C492076312E31202853544D33A0
:1081E0003246312F4634290D0A002020547970651B
:1081F000202768656C702720666F7220636F6D6D35
:10820000616E64206C6973740D0A003D3D3D3D3D17
:108210003D3D3D3D3D3D3D3D3D3D3D3D3D3D3D3D8E
:108220003D3D3D3D3D3D3D3D3D3D3D3D3D3D3D3D7E
:108230003D3D3D3D3D3D3D0D0A0D0A3E20005B2587
:1082400030366C755D205B25735D2025733A200008
:10825000742C256C642C256C642C256C642C256492
:108260002C25640D0A0072656C0061627300526512
:10827000736574204F4B0D0A005265736574204678
:1082800041494C0D0A0053617665640D0A00536143
:108290007665204641494C0D0A00547261636520A1
:1082A0004F4E0D0A005472616365204F46460D0A19
:1082B0000068656C70003F00436F6D6D616E6473A4
:1082C0003A0D0A202068656C702020202020202094
:1082D0002020202020202020202020202020536823
:1082E0006F7720746869732068656C700D0A2020B0
:1082F000737461747573202020202020202020209A
:108300002020202020202020205072696E742073AD
:10831000797374656D207374617475730D0A202010
:10832000696E666F20202020202020202020202021
:108330002020202020202020205072696E7420668A
:1083400069726D7761726520696E666F0D0A202013
:108350007370656564203C72706D3E202020202083
:108360002020202020202020205365742073706559
:10837000656420746172676574202852504D290D20
:108380000A2020706F73203C70756C7365733E20FB
:108390005B6162737C72656C5D2020205365742084
:1083A000706F736974696F6E207461726765740DA4
:1083B0000A2020746F72717565203C6D613E20202B
:1083C00020202020202020202020202053657420E1
:1083D000746F727175652074617267657420286DA1
:1083E00041290D0A202073746F70205B636F6173E5
:1083F000747C6272616B655D202020202020204EFD
:108400006F726D616C2073746F700D0A202065733C
:10841000746F702020202020202020202020202069
:1084200020202020202020456D657267656E6379CD
:108430002073746F700D0A2020726573657420209C
:10844000202020202020202020202020202020202C
:1084500020204661756C742072657365740D0A2066
:10846000207A65726F205B6D616E75616C7C6175E1
:10847000746F5D2020202020202053656E736F7262
:10848000207A65726F696E670D0A202063616E6FD6
:1084900070656E20202020202020202020202020F9
:1084A000202020202043414E6F70656E2073746140
:1084B0007475730D0A2020706172616D2067657498
:1084C000203C69643E2020202020202020202020E5
:1084D0005265616420706172616D657465720D0A28
:1084E0002020706172616D20736574203C69643E68
:1084F000203C76616C3E20202020205772697465F4
:1085000020706172616D657465720D0A2020706162
:1085100072616D207361766520202020202020204C
:10852000202020202020205361766520746F204673
:108530006C6173680D0A2020706172616D206C6936
:108540007374202020202020202020202020202084
:10855000204C69737420706172616D730D0A202064
:108560006C6F67203C302D343E20202020202020BE
:10857000202020202020202020536574206C6F674D
:10858000206C6576656C0D0A20207472616365202D
:108590006F6E7C6F66662020202020202020202007
:1085A0002020205265616C2D74696D6520646174B2
:1085B000612073747265616D0D0A20207265626FAF
:1085C0006F74202020202020202020202020202008
:1085D0002020202020536F667477617265207265B9
:1085E0007365740D0A00737461747573005374615C
:1085F00074653A2564204D6F64653A256420537094
:108600006565643A256C6420506F733A256C64206C
:108610004375723A252E33664120546F723A252EE7
:1086200032664E6D20563A252E31665620546472BD
:10863000763A252E31664320546D6F743A252E31DB
:10864000664320416C6D3A2564204572723A256478
:108650000D0A00696E666F0046573A2076312E315A
:1086600020204D43553A2053544D33324625642043
:108670002052543A256C756D73202043414E3A4E7A
:108680006F64652564204E4D543A25640D0A0073CD
:10869000706565640053706565643A2025642052F6
:1086A000504D0D0A00706F7300506F733A20256CA7
:1086B000642025730D0A00746F7271756500546F24
:1086C000727175653A20256C64206D410D0A006257
:1086D00072616B650053746F707065640D0A00659C
:1086E00073746F70004553544F50210D0A0072652A
:1086F000736574007A65726F006175746F005A65F6
:10870000726F20646F6E650D0A0063616E6F706535
:108710006E004E4D543A2564204E6F64653A2564D0
:1087200020426175643A256C752048423A256420E0
:1087300053594E433A25642050444F3A25640D0A5C
:1087400000706172616D00676574003078253034A7
:1087500058203D20256C750D0A003078253034589E
:10876000206E6F7420666F756E640D0A00736176FB
:1087700065006C69737400546F74616C202564200B
:10878000706172616D732E20557365202770617260
:10879000616D20676574203C69643E270D0A006C9A
:1087A0006F67004C6F673D25640D0A00747261634A
:1087B00065007265626F6F74005265626F6F742E30
:1087C0002E2E0D0A00556E6B6E6F776E3A202725A0
:1087D00073272E2054797065202768656C70270DEB
:1087E0000A004552520057524E00494E460044423C
:1087F0004700496E6974204F4B3A204E6F646549BB
:10880000443D25642C20256C756270730043414EF5
:108810004F50454E0052657365742073656E740049
:10882000454D435900416C61726D2073656E743A19
:1088300020636F64653D3078253034580041495FCE
:108840004C6561726E696E670044435F4D6F746F73
:10885000725F44726976657200446576696365206B
:1088600054797065004572726F7220526567697342
:1088700074657200434F422D49442053594E4300C2
:10888000436F6D6D756E69636174696F6E204379B6
:10889000636C6520506572696F64004D616E75662A
:1088A0006163747572657220446576696365204EF4
:1088B000616D65004D616E75666163747572657298
:1088C00020536F6674776172652056657273696FA5
:1088D0006E0050726F6475636572204865617274D2
:1088E000626561742054696D65004964656E7469E0
:1088F0007479204F626A65637420537562436F75A3
:108900006E740056656E646F722049440050726F39
:108910006475637420436F6465005265766973699A
:108920006F6E204E756D62657200436F6E74726F6C
:108930006C776F726400537461747573776F7264CF
:1089400000766C205461726765742056656C6F63A5
:1089500069747900766C2056656C6F636974792050
:10896000416363656C65726174696F6E00766C203B
:1089700056656C6F6369747920446563656C6572D4
:108980006174696F6E0050726F66696C65204A652C
:10899000726B00506F736974696F6E2044656D610E
:1089A0006E642056616C756500506F736974696FF1
:1089B0006E2041637475616C2056616C756500565C
:1089C000656C6F636974792044656D616E640056EF
:1089D000656C6F636974792041637475616C2056AE
:1089E000616C75650054617267657420506F7369BE
:1089F00074696F6E00536F66747761726520506F93
:108A0000736974696F6E204C696D6974204D696E6D
:108A100000536F66747761726520506F7369746973
:108A20006F6E204C696D6974204D61780050726FD3
:108A300066696C652056656C6F6369747900507265
:108A40006F66696C6520416363656C65726174690A
:108A50006F6E0050726F66696C6520446563656C6B
:108A600065726174696F6E00506F736974696F6EBF
:108A7000696E67204F7074696F6E20436F64650084
:108A800054617267657420546F72717565004D6131
:108A90007820546F7271756500546F72717565201E
:108AA00041637475616C2056616C756500546F721A
:108AB00071756520536C6F7065004D6F6465732030
:108AC0006F66204F7065726174696F6E004D6F64E0
:108AD0006573206F66204F7065726174696F6E20D8
:108AE000446973706C617900486F6D696E67204DE1
:108AF0006574686F6400486F6D696E6720537065B8
:108B000065642053776974636800486F6D696E67A8
:108B1000205370656564205A65726F00486F6D65FB
:108B2000204F666673657400456E636F64657220DE
:108B300050505200526174656420566F6C746167C6
:108B4000650052617465642043757272656E7400CD
:108B50005065616B2043757272656E74005261746A
:108B600065642053706565640052617465642054C7
:108B70006F7271756500546F7271756520436F6E09
:108B80007374616E740042454D4620436F6E73747A
:108B9000616E7400506F6C65205061697273005093
:108BA0006861736520526573697374616E636500F3
:108BB000506861736520496E64756374616E6365A6
:108BC00000435552204B7000435552204B690043DF
:108BD0005552204B6400535044204B700053504476
:108BE000204B6900535044204B6400504F53204B9E
:108BF0007000504F53204B6900504F53204B64007E
:108C00004F56205468726573686F6C640055562027
:108C10005468726573686F6C64004F4320546872C7
:108C20006573686F6C64004F4C20546F727175658A
:108C3000004F4C2054696D65005374616C6C204387
:108C4000757272656E74005374616C6C2054696D3A
:108C500065004F5420447269766572004F54204D70
:108C60006F746F7200436F6D6D2054696D656F7521
:108C700074005A65726F204F6666736574005365A1
:108C80007269616C204E756D6265720052756E740A
:108C9000696D6520486F757273004669726D776102
:108CA00072652056657273696F6E004F626A656304
:108CB000742064696374696F6E61727920696E698A
:108CC0007469616C697A65643A20256420656E7404
:108CD00072696573004F424A444943540049444C09
:108CE0004500546D722053766300232D302B2000F5
:108CF000686C4C0065666745464700303132333456
:108D000035363738394142434445460030313233F5
:108D100034353637383961626364656600000000B7
:108D20002110422063308440A550C660E77008815E
:108D300029914AA16BB18CC1ADD1CEE1EFF13112D5
:108D4000100273325222B5529442F772D6623993AE
:108D500018837BB35AA3BDD39CC3FFF3DEE3622425
:108D6000433420040114E664C774A44485546AA5FE
:108D70004BB528850995EEE5CFF5ACC58DD55336B5
:108D8000722611163006D776F6669556B4465BB74E
:108D90007AA719973887DFF7FEE79DD7BCC7C44885
:108DA000E5588668A7784008611802282338CCC99E
:108DB000EDD98EE9AFF9488969990AA92BB9F55A15
:108DC000D44AB77A966A711A500A333A122AFDDBEE
:108DD000DCCBBFFB9EEB799B588B3BBB1AABA66CE5
:108DE000877CE44CC55C222C033C600C411CAEED3E
:108DF0008FFDECCDCDDD2AAD0BBD688D499D977EF5
:108E0000B66ED55EF44E133E322E511E700E9FFF8D
:108E1000BEEFDDDFFCCF1BBF3AAF599F788F889143
:108E2000A981CAB1EBA10CD12DC14EF16FE1801027
:108E3000A100C230E3200450254046706760B9832A
:108E40009893FBA3DAB33DC31CD37FE35EF3B10277
:108E50009012F322D2323542145277625672EAB53A
:108E6000CBA5A89589856EF54FE52CD50DC5E234C7
:108E7000C324A01481046674476424540544DBA70A
:108E8000FAB79987B8975FE77EF71DC73CD7D32617
:108E9000F2369106B01657667676154634564CD99A
:108EA0006DC90EF92FE9C899E9898AB9ABA9445867
:108EB000654806782768C018E1088238A3287DCB6A
:108EC0005CDB3FEB1EFBF98BD89BBBAB9ABB754AB7
:108ED000545A376A167AF10AD01AB32A923A2EFDFA
:108EE0000FED6CDD4DCDAABD8BADE89DC98D267C07
:108EF000076C645C454CA23C832CE01CC10C1FEF4A
:108F00003EFF5DCF7CDF9BAFBABFD98FF89F176E56
:108F1000367E554E745E932EB23ED10EF01E00800A
:108F20001023118610431043103220320573008144
:108F300040212327070F0800ED860008E28700087C
:108F4000E6870008EA870008EE87000800000000B6
:108F500001020304000000000000000001020304FD
:108F600006070809010202030405060708090A0B9F
:108F70000C0D0E0F101000000F000000000020204C
:108F800020202020202020282828282820202020B9
:108F90002020202020202020202020202020881079
:108FA00010101010101010101010101010100404D9
:108FB00004040404040404041010101010101041E0
:108FC0004141414141010101010101010101010151
:108FD00001010101010101010110101010101042E6
:108FE0004242424242020202020202020202020221
:108FF00002020202020202020210101010200000FF
:109000000000000000000000000000000000000060
:109010000000000000000000000000000000000050
:109020000000000000000000000000000000000040
:109030000000000000000000000000000000000030
:109040000000000000000000000000000000000020
:109050000000000000000000000000000000000010
:109060000000000000000000000000000000000000
:1090700000000000000000000000000000000000F0
:08908000687AFF7F0100000087
:109088000040CE440300000000127A0001000000F6
:1090980010000000AAAAAAAA1C00002000000000D4
:1090A800EC390020543A0020BC3A002000000000AF
:1090B80000000000000000000000000000000000A8
:1090C8000000000000000000000000000000000098
:1090D8000000000000000000000000000000000088
:0890E800000000000000000080
:04000005080070512E
:00000001FF
